,A,B,C,D,E,F,G
2013-01-01,0.0832756923197446,0.008433655203940191,9.294329874075157e-09,0.007165009233833027,4.470624083305255e-08,5.67301588949881e-09,0.2475735901895449
2013-01-02,0.08532360735098031,0.0010607290800613537,1.0860421267507069e-07,0.007379694603755147,2.8353230628378155e-07,7.813527333238188e-08,0.2413432228713493
2013-01-03,0.08058736110674808,0.003613959249295158,1.7298084048101308e-08,0.010026826201203027,4.681519643478386e-08,1.11367543801125e-08,0.2384897437566449
2013-01-04,0.07904951471148039,0.0020186405263148822,2.3496996149306816e-08,0.0109692326141171,5.939810624438591e-08,1.497797990040016e-08,0.2414982886349981
2013-01-07,0.07182802157478685,0.01037748070350962,5.678560732246544e-08,0.022084490994577405,1.4971603401061145e-07,2.874632737624731e-08,0.23710566027942995
2013-01-08,0.07146450284807156,0.010466074524174224,2.4790577936813815e-08,0.023304962313059955,6.91389360381506e-08,1.243294570195124e-08,0.2362783358745419
2013-01-09,0.07591648953542388,0.010336696477124627,2.6838073948864567e-08,0.023395961194579627,7.43221866530282e-08,1.4611489274584207e-08,0.2322319121111425
2013-01-10,0.07532581376039457,0.012049600423209952,5.50539043979879e-08,0.026092299770482327,1.1768554881031473e-07,5.0690258446625004e-08,0.23205929520450425
2013-01-11,0.07206225350548796,0.009562338727224949,6.960663000417466e-08,0.02208433608218534,1.0273435372441737e-07,2.983090486729504e-08,0.2476070529529093
2013-01-14,0.07121642830389889,0.012049972443023277,8.163570427526251e-09,0.02846672353135655,1.4068100785956154e-08,5.265589519328595e-09,0.2401457946846847
2013-01-15,0.06736417540891414,0.009906359084681671,3.70963464210854e-09,0.030436605680857143,3.6044868435121657e-09,1.1168163162140092e-09,0.24281139748586475
2013-01-16,0.06860667160066293,0.009675976740497848,3.398520319494967e-09,0.03038278581688085,3.235142157526479e-09,1.0283301809843748e-09,0.2422016473798263
2013-01-17,0.0696113205112758,0.01325766825946405,1.6060902654644676e-07,0.024865772789915825,2.8438369597637077e-07,6.718780234907954e-08,0.2444849616430711
2013-01-18,0.06412262570911459,0.00571425037381995,2.810163262990101e-07,0.03842395617616615,2.533099685793851e-07,7.560926353215254e-08,0.25194396480600545
2013-01-21,0.06454217072551069,0.008656258928121968,8.68815613617347e-07,0.03839904881753788,6.020188223399306e-07,1.8733591159260505e-07,0.24962428349428736
2013-01-22,0.06152864311452964,0.004019132541693508,2.1605199247470745e-08,0.04138688396025243,4.87189670040215e-09,2.470752886639282e-09,0.2540925294547804
2013-01-23,0.058981772477798275,0.0012695973072708732,2.1848880676882912e-08,0.042946581564240666,6.803762571248247e-09,3.6880712884908758e-09,0.25829679793366683
2013-01-24,0.06427490789499156,0.0055990840076615,7.209988076145511e-07,0.034862757160930014,4.612489394049869e-07,1.9624086908793138e-07,0.2571407272015037
2013-01-25,0.06496466301277917,0.006659473836049079,1.8680863147040533e-07,0.035286339217317685,9.833640260212877e-08,3.5843179717548264e-08,0.2547574674466616
2013-01-28,0.06517808160210037,0.00695800848598649,6.988005891737035e-08,0.035900618687114465,2.9299060202705442e-08,1.1304647837627968e-08,0.2537612579634407
2013-01-29,0.06557353856491026,0.006713596440157238,3.4064007414187476e-08,0.034693001855996365,1.3048864027790242e-08,5.143545733635451e-09,0.2543602715994891
2013-01-30,0.06461590529856899,0.00410927341675502,2.5016529631393606e-08,0.035423579905729474,1.3341116128977499e-08,6.109734762096544e-09,0.2575148719463635
2013-01-31,0.06335540612751349,0.002120020154081623,1.307572059446383e-06,0.03751024620152637,3.284822959355575e-07,1.4673578158636478e-07,0.25839721670319143
2013-02-01,0.06374332235257445,0.003861966649823239,7.102234036536555e-08,0.03690093150715547,3.190411210312162e-08,1.5365953313721305e-08,0.25595816749907496
2013-02-04,0.06549029491538358,0.004299289802162562,7.226433633111657e-08,0.03502524050527569,3.1463911507446346e-08,1.4426250373068627e-08,0.2551267115648124
2013-02-05,0.06642701627719014,1.0699975333548584e-05,2.8511112640889266e-07,0.03939910568944535,1.5300300084958356e-07,8.297114819014409e-08,0.25574833108078904
2013-02-06,0.0669471576244092,9.283417380266113e-07,6.656931283976773e-08,0.03956591496090404,3.187279955298207e-08,1.6913493971923706e-08,0.2549870843081552
2013-02-07,0.06923838492408399,0.0003115984242438973,1.038397329299638e-07,0.03721290635635315,6.256769952747074e-08,3.4020948790412514e-08,0.25400757186749
2013-02-08,0.0713381176485898,0.0021035200104532453,3.408735291270254e-07,0.03654130598281037,1.8504113056673452e-07,9.607606301882597e-08,0.24942827579547736
2013-02-11,0.06857831324049539,0.0022479937995244373,2.656295318579071e-07,0.03765456516511502,1.3646771271253125e-07,6.927625726709173e-08,0.2500071571148612
2013-02-12,0.06905330589224712,0.004718816041432124,2.1941068020461192e-08,0.03888963021960813,1.0144243846825372e-08,4.6478793765836535e-09,0.2433629017935772
2013-02-13,0.06922564977500882,0.004777729381359594,2.5039703662445545e-08,0.03874611473645495,1.0893468408113355e-08,5.004114426613725e-09,0.2432901236423341
2013-02-14,0.06757092513257912,0.00784092257947868,6.636317481959139e-07,0.03898401708236821,2.046516261542038e-07,8.380518265662987e-08,0.24325367535881384
2013-02-15,0.07323204413184578,0.005386690821861175,1.2843908070114132e-07,0.03874029953118749,6.342838025937104e-08,3.0506218625876415e-08,0.2436059903048056
2013-02-18,0.07322046604500855,0.005537524781146057,1.3408724615901878e-07,0.03862772124515682,6.336087058669173e-08,3.0836610817914696e-08,0.24372040034317416
2013-02-19,0.07454485685590075,0.007919874275543717,4.022405014535466e-07,0.03867342595438461,1.8671218786705294e-07,8.612697883732722e-08,0.2392954792978337
2013-02-20,0.06334101450281836,0.012872120648539823,2.5385327430550385e-07,0.04159426965249116,1.887234599761985e-07,8.632319444295862e-08,0.2388536469501492
2013-02-21,0.07362722619117971,0.00845606465901661,1.8529555055689388e-07,0.03159745846124177,7.208735304523832e-08,3.001895623802713e-08,0.24250221532161986
2013-02-22,0.08853259394074517,0.029846506270808607,6.964965064643576e-07,0.02584744232896499,3.632914918043622e-07,1.5772498829251534e-07,0.22304970103365368
2013-02-25,0.09443076026363308,0.030460958588593094,2.73994883762976e-07,0.020781465705700997,1.4579468387894389e-07,8.287489951836599e-08,0.22304094228679067
2013-02-26,0.09331111184396176,0.03089072551316578,5.322316102276008e-07,0.02180938424816348,2.0395833552587694e-07,1.2908880540084212e-07,0.22357625712902546
2013-02-27,0.09439761716210293,0.0333186258879829,5.573311330209385e-07,0.02178149214457532,1.6092892828326714e-07,1.0141446891725817e-07,0.22126873246565226
2013-02-28,0.1059230019184372,0.029604953464450124,0.0008607856063278836,0.018068046419335668,3.463102046321825e-07,1.4440195694802714e-07,0.22390638304679436
2013-03-01,0.10177163146779447,0.041362257444097286,6.273026439619714e-08,0.023292621986495437,9.456762116175408e-09,5.2018574413576965e-09,0.22374522382642895
2013-03-04,0.09830749237930646,0.03750779589875971,1.0941907991758078e-07,0.03142417634519234,1.5742983517590334e-08,8.931647576472798e-09,0.22474575620719567
2013-03-05,0.09624705139910378,0.038197293848549925,3.1304444364516244e-06,0.0332071279523926,1.3193615054953294e-07,7.014226845079227e-08,0.2229771328952415
2013-03-06,0.09392041749207583,0.03569017539873956,1.1232277540029194e-07,0.036511612979212106,1.2676373658828296e-08,6.882722938451694e-09,0.2242858070214999
2013-03-07,0.09241321340281372,0.03684930087409343,1.0097434872123572e-06,0.03462015850882396,1.6590710846282097e-07,9.825307197052745e-08,0.2337723923131519
2013-03-08,0.09229666497336306,0.03839089108085349,8.745807885261644e-07,0.03587310217492681,1.8113173464149789e-07,1.0716376417224345e-07,0.2315812364443892
2013-03-11,0.09167375725302816,0.03822715699653393,3.598217663673217e-07,0.038727039053037836,1.1332607636353176e-07,6.856024224833773e-08,0.23072638646756544
2013-03-12,0.09266714694145067,0.037148120866015884,1.0071871402331752e-07,0.036642844213535065,2.1665513484904962e-08,1.1564879270111509e-08,0.2342814938457085
2013-03-13,0.09110626576480113,0.03558016063494117,5.706393616569581e-07,0.04053208859268747,1.8584053834256283e-07,1.1426705499243033e-07,0.2342104178331312
2013-03-14,0.09763338570617547,0.04050846555821529,3.117643075970132e-07,0.04051829570634238,1.9372660362561566e-07,1.029500698308353e-07,0.2288070749989033
2013-03-15,0.09806400710747162,0.04083565032608261,3.364345875091964e-07,0.0397111908168784,1.9687321572250945e-07,9.990473983822736e-08,0.2287353025843804
2013-03-18,0.1025361895693704,0.03717507640679199,4.3252154143163993e-07,0.03630866350444411,1.9500998286261392e-07,9.912543036694193e-08,0.2288239594691663
2013-03-19,0.10432962657782467,0.03723092963169848,2.7592268458133496e-07,0.033496676567515336,1.5101484365700846e-07,7.426796867239621e-08,0.22985379557876398
2013-03-20,0.10586513416345493,0.03646385906248346,3.755874284979761e-07,0.03162521283989145,1.7954193928552398e-07,8.713133923687274e-08,0.2302071479846569
2013-03-21,0.10411894804401477,0.03562437632310972,2.987063977653401e-07,0.039307423041097585,2.0398986857328708e-07,8.735601612598577e-08,0.22734004932212484
2013-03-22,0.10531668341645417,0.037134952671423485,3.4777071131724447e-07,0.038136283476226114,1.9572248431849973e-07,8.729736405644544e-08,0.225382794686832
2013-03-25,0.1058462696186171,0.03829744500061345,8.289981772440507e-08,0.038049099801785176,6.839379040036724e-08,3.608503901159104e-08,0.2268138301845426
2013-03-26,0.10939443710863346,0.03913396754632288,6.945746025863737e-08,0.033876390587657734,6.307128808044633e-08,3.595310844708245e-08,0.22515752888122995
2013-03-27,0.1090214401295498,0.03801899263809785,2.217471957672009e-07,0.03319476332295146,1.6221146266478783e-07,9.648732016168336e-08,0.2262253881828592
2013-03-28,0.10863275089121813,0.03736809092229195,2.9131845749540464e-07,0.03305207636229725,1.7797440385186038e-07,1.0644824472424301e-07,0.2272369086238073
2013-03-29,0.10832157507926814,0.035495837369520215,2.5224666684047e-07,0.03642687566781956,1.723360257120579e-07,1.0580768500848784e-07,0.2272457422806067
2013-04-01,0.1088198868022196,0.035752989954780434,2.571633024790565e-07,0.034935566194466965,1.812648155871205e-07,1.1320996482103508e-07,0.2276337186950557
2013-04-02,0.11142934534677383,0.03517033687316052,1.9180969984355973e-07,0.033438914048703035,1.33177763353165e-07,9.997317382630618e-08,0.2311631624473427
2013-04-03,0.11035336314614608,0.036812341501994944,7.163191031341754e-08,0.02901152822225324,3.883349550397202e-08,2.6931184309028566e-08,0.2332905153565913
2013-04-04,0.10902658079793047,0.037631460270531714,1.0750634072633643e-07,0.032492603180261516,4.4789037882314034e-08,3.265329266989307e-08,0.22974962237569024
2013-04-05,0.1072328645125347,0.03739433269223687,9.298345280248848e-08,0.04101624853939993,3.753611988545915e-08,2.5422749025884627e-08,0.22925755679348164
2013-04-08,0.1085123139370206,0.03807531081583533,1.0354454677114732e-07,0.040009605255397915,3.94753859596654e-08,2.808183240256433e-08,0.22760869837659375
2013-04-09,0.10926119778366176,0.032908420101238886,1.0028831285267148e-07,0.04440934187739903,3.7704848889763665e-08,3.4766913689945835e-08,0.2353622983931387
2013-04-10,0.10909013223071597,0.03295327283488054,8.14267057670383e-08,0.044039480104511856,3.23194534277457e-08,3.060316628206432e-08,0.23592597575744684
2013-04-11,0.1087464966623267,0.033266034579205045,3.330213931042224e-07,0.047135518756119606,5.795085125540914e-08,4.968072065071599e-08,0.23182473289049665
2013-04-12,0.08219807446028103,0.02843652005148373,2.124036943107357e-06,0.05442238638898166,2.5200067962472593e-07,1.5637564693823413e-07,0.2474248348734421
2013-04-15,-2.653767540207639e-06,0.04551007007895126,0.01680935760718485,0.018190272697147788,2.694587815756473e-07,0.015999380128596783,0.19335747070706474
2013-04-16,-2.6867416600551206e-06,0.05074530180685869,0.014747725651402322,0.01794171462535686,2.05693066257373e-07,0.027522290991988482,0.17869312286357375
2013-04-17,-7.433878625603568e-06,0.06529632138519678,4.690152266490992e-06,0.024824044261286957,4.57894340052511e-07,0.013047712302466995,0.1793090497597383
2013-04-18,-6.659585163947267e-06,0.06353611203187984,6.015281690582658e-06,0.026963333770516483,4.382557732182865e-07,0.014957692591829632,0.17784009918531346
2013-04-19,-1.5393767228619038e-06,0.009235963782434412,2.2170416106029587e-07,0.06558047609994164,1.5753944642367052e-07,0.02307370343307291,0.1581825489032474
2013-04-22,-1.1485774102684469e-06,0.00990808949507053,1.6343272134983953e-07,0.0656270143459043,1.1456696284420286e-07,0.02270834106931313,0.1578055395117375
2013-04-23,-4.341780561595032e-06,0.016213859108959026,8.213782333248981e-07,0.07167595896280493,6.81835459152682e-07,0.0088930821844138,0.16397341928931386
2013-04-24,-6.721844442518828e-07,0.006003133814097521,1.485674126957041e-07,0.0713339682344353,1.3420453858951677e-07,0.0014399336340999355,0.17384798991076733
2013-04-25,-2.7170992126504505e-07,0.004442474750621674,7.595092852355907e-08,0.062102164103373075,5.1082317104005586e-08,0.0017683694250053231,0.181462793758642
2013-04-26,-7.795654388214205e-06,0.010577942683839651,1.8859962362381653e-06,0.05792094761314673,1.4759713299539474e-06,0.0003658604347679795,0.17893641981428174
2013-04-29,-7.512194239305363e-07,0.020233182951782263,2.419114437154304e-07,0.0443753110853372,2.1139195530962547e-07,2.140824782687726e-06,0.17243136629891548
2013-04-30,-3.70881046518786e-07,0.015493581038048862,3.989041503984489e-08,0.04750943676513693,9.770986466667327e-08,0.00832729306480538,0.1642541045428974
2013-05-01,-1.7901620296690406e-07,0.02134474697626825,1.888375742880928e-08,0.03480645563089405,4.6586441064293165e-08,0.01718700510278709,0.15733195090876329
2013-05-02,-7.383974191515276e-06,0.02412582874851512,8.707385081174906e-07,0.02503400075968773,2.32249810623233e-06,0.013959462066333672,0.16766238802666444
2013-05-03,-7.462878481054455e-07,0.049237530947061146,7.538289434261182e-08,0.01820308749001384,1.9014277292359012e-07,0.013933416671628718,0.14930972231844658
2013-05-06,-3.7985892618978586e-06,0.038247250306363986,4.77299380948699e-07,0.02103842600042064,1.5064614695361881e-06,0.013849734542010652,0.15851511310646116
2013-05-07,-6.827714694276063e-06,0.039079130345611,8.436037966910165e-07,0.026375205310665218,2.5595441718001493e-06,0.012485292888739192,0.15303807229517505
2013-05-08,-3.962229659539351e-07,0.03948897982072296,4.4666048826918535e-08,0.013475476262367845,1.80125111544776e-07,0.02885839336805864,0.15413076242322682
2013-05-09,-1.9539598964953627e-06,0.041743721002911294,1.7466511911451135e-07,0.011833579471682535,1.2126353058826895e-06,0.029845352933474324,0.15268736332789812
2013-05-10,-1.1503990568407383e-07,0.0413909156360948,1.1274998043174463e-08,0.008244317536103095,7.428088255109648e-08,0.027463182980084204,0.1591877897257014
2013-05-13,-6.304447633827044e-06,0.03750655296924965,3.9422847365392063e-07,0.039996962346092985,0.00035800652135939924,0.0008133066501409997,0.1989747871767746
2013-05-14,0.012854208896127121,0.016793402511733158,9.808164469063133e-08,0.023985478781642568,0.02964373713177937,7.559277053050812e-08,0.20583136640029595
2013-05-15,0.0002914013780566011,0.02198793892962475,0.010761939387390557,0.057814047725049424,8.317910628582225e-08,8.099298477485087e-08,0.20719377770639155
2013-05-16,-4.936590364613015e-06,0.024330641037946986,0.003228154310321309,0.04734790572841367,0.0402889573334144,6.690989760111894e-07,0.18740931159864696
2013-05-17,-3.012342949485582e-06,0.027474278752515773,0.005446470893516578,0.06376453606509136,2.853767939996765e-07,1.2121550562035228e-06,0.214770784473228
2013-05-20,-6.313124416320733e-07,0.016741752452672475,0.0030655348386853802,0.062419598090676924,1.306316057823549e-07,1.2540443431338987e-07,0.22993745339457985
2013-05-21,-1.1940051285720269e-06,0.018915195591538703,0.0020675100227422792,0.06286825360909022,2.170645826377717e-07,3.907690180407876e-07,0.2288702235083924
2013-05-22,-5.274004010460696e-08,0.02876299362848413,0.015167830705530313,0.062170251681603485,8.962833241833181e-08,0.02175176855382197,0.16819122268015868
2013-05-23,-5.979746574289271e-07,0.030882478042550288,0.02336695092593036,0.07086154023736649,0.058578889832862614,0.003436639577778477,0.08955045568940506
2013-05-24,-5.918961653654296e-07,0.027774044331774585,0.025968664061434797,0.07432969963932738,0.050074955547920914,0.0062045709947891005,0.09318436392657768
2013-05-27,-1.0403707473630615e-06,0.020833181313444502,0.02033653918698196,0.07993909324340928,0.02031270069214571,0.007083226571234281,0.13181492944048495
2013-05-28,-1.1934270290526486e-06,0.016888492684394463,0.016561178589661524,0.08058030882360487,0.018104191137159945,0.013655964343315685,0.13778938305024516
2013-05-29,-1.8674356427683254e-06,0.019042356470288332,0.006365224836070879,0.07963412992550949,0.04922349972449835,0.0025902659626604514,0.11271842051930407
2013-05-30,-3.82331652177116e-06,0.01933885724690481,0.00828136118244957,0.08051839742285358,0.05136189286061879,0.004104740730963065,0.10561866887665844
2013-05-31,-1.3747432905497242e-06,0.0237043859535198,0.0030724226463764823,0.0850462867361621,0.04364949026560538,0.00523851237218254,0.10228961684058653
2013-06-03,-3.3051628900806244e-06,0.02610317472360512,0.0025720864010007997,0.08052583285482832,0.042359569069700106,0.00789302594974248,0.1021411247907785
2013-06-04,-5.123024360119212e-06,0.02714779816257094,0.0034796094826874857,0.08074572330112377,0.040667045286818256,0.008741103521502624,0.10068620617497573
2013-06-05,-9.495082042309978e-07,0.028885076935805745,0.0004902975309655651,0.0907928901719976,0.03204820968893502,0.006778885147229553,0.0985713733449517
2013-06-06,-3.3457701455800044e-06,0.028216838033516708,9.856569028329385e-06,0.09341758591399864,0.02807363134459733,0.011925395490890566,0.09738827097305004
2013-06-07,-4.180704715598752e-07,0.030063764269449955,0.001659040913627251,0.09429749054878346,0.02467734803234453,0.010267765357669257,0.09783043872953573
2013-06-10,-1.0687916612772923e-06,0.04329922119184272,6.392667766230659e-07,0.09289079574681484,0.037106804149862775,0.0065162541959029934,0.08233070640089912
2013-06-11,-2.554439934086422e-07,0.04169670252663613,3.796006274506159e-08,0.10360202338374916,0.039793824943780684,0.0060161740462027725,0.0646970493705293
2013-06-12,-3.2720968736878517e-06,0.04490897544168892,2.8028185023275995e-07,0.10717179109731356,0.03910760598962376,0.007929152809069294,0.058473704892302476
2013-06-13,-5.644367420666085e-07,0.04811801115328615,4.7247927530206514e-08,0.1065473262194285,0.04029340825500848,0.008946037391813027,0.05427147563754396
2013-06-14,-9.68625738273925e-07,0.05040089933160511,1.7084283970268063e-07,0.09735645272497767,0.051997192502757805,0.006909624946359079,0.050921119332338616
2013-06-17,-3.2806273596768545e-06,0.04765194030563704,7.094267510292764e-07,0.09904200132856948,0.043703258792730994,0.006383651532163934,0.05985047289831396
2013-06-18,1.952866647114925e-08,0.048221415878764,5.497001915550691e-08,0.10098336406808553,0.04494867637631459,0.004290233408451214,0.05950550922899914
2013-06-19,2.0481762802360712e-08,0.04481628497347946,5.6575513609772074e-08,0.10630786281088674,0.03247658475739161,0.007005141376519806,0.06542689241007979
2013-06-20,1.97007423027827e-09,0.03042472616188093,0.029957283073726467,0.14396971191229013,0.006617847457854299,6.064767354273338e-09,2.247618168326657e-09
2013-06-21,7.90304018946569e-10,0.01930924202228427,0.023643938976694596,0.1536948855163984,0.008451146336649569,4.975576397740749e-10,3.355569019732735e-10
2013-06-24,4.521762135512776e-09,0.01027887445977101,0.02094099765197449,0.16198087852570173,0.007010238821587493,3.8571518636201705e-09,2.533462544681725e-09
2013-06-25,1.3361917309015733e-09,0.014111403142901094,0.016546795183638656,0.16282243051336154,0.007156532455447419,1.2391827893818147e-09,6.875401384587194e-10
2013-06-26,1.1998603502963105e-09,0.02681158796849059,0.01913207172500182,0.14917362822207894,0.014028282470941155,2.869823120804647e-09,1.5583021156834324e-09
2013-06-27,1.1265675391677262e-09,0.02444940231709724,0.020419542433032515,0.15560319298654793,0.006760392440954758,1.9489797512854932e-09,9.241566069064993e-10
2013-06-28,8.082737954600967e-09,0.02962632130731745,0.019981534602165046,0.1444695381623641,0.017439455035015414,9.450631288022745e-09,4.617287391596092e-09
2013-07-01,4.8710375468436994e-09,0.031852070618347085,0.019313797631021704,0.13581189032994134,0.02563040995927101,7.562708045721312e-09,7.468665469401993e-09
2013-07-02,5.217714040864033e-09,0.03017412602675807,0.01963562287654469,0.14214139725849953,0.021750333064301595,7.173449585557241e-09,6.982896886966423e-09
2013-07-03,1.1474384248908338e-08,0.033552269404266664,0.019957005094555492,0.13409709041768436,0.027559033116543258,1.9613676274038308e-08,2.006978727009804e-08
2013-07-04,1.679261923371439e-08,0.02961575234092768,0.01948100298237035,0.1363102115920983,0.028965558334068463,1.9323721024441866e-08,2.5193628089719915e-08
2013-07-05,7.848667521207838e-10,0.028199589598362544,0.022085466603348758,0.14250021213136949,0.02253662133779193,7.571800660231792e-10,8.798005623035383e-10
2013-07-08,1.925959888104887e-09,0.0240885511668657,0.029679872081607755,0.1647175320021265,6.12479440315297e-08,5.77698829450302e-10,1.1177292064384246e-09
2013-07-09,1.0599689576872811e-09,0.02511847981054012,0.038431583088663616,0.16553418474660406,5.283728696766892e-09,5.532910131866629e-10,9.843792874790101e-10
2013-07-10,8.022603446663625e-09,0.0206053287441004,0.03438350402619548,0.1470077914929895,0.014999700722393356,2.476316573272998e-09,4.601213815270469e-09
2013-07-11,5.033831397960103e-09,0.0037331325903274017,0.03442879355098348,0.1474556150701372,0.02843383161624405,3.401283898698199e-09,5.774331137804199e-09
2013-07-12,5.239405479548509e-09,0.002104732079844768,0.0325591669810218,0.14532243834166958,0.033568535760788235,3.4987810379908034e-09,5.335797637211669e-09
2013-07-15,5.429774122709582e-09,0.0035363728467161367,0.029739690472551695,0.14605418150184946,0.033282479387531184,3.4929961221652754e-09,5.2785917786925365e-09
2013-07-16,4.440267594925262e-09,6.210035494614619e-07,0.029662997323393718,0.13950605961444246,0.04443839316963693,3.5431394084955705e-09,4.841208524851922e-09
2013-07-17,5.229524791916047e-09,2.9604574309881646e-08,0.032215427580669836,0.1257139958719018,0.0584781211334968,2.0635921454189883e-09,3.6341859882930176e-09
2013-07-18,0.003986018359224639,0.036950794827136105,0.02070795356430553,0.14633152018778015,0.04626943334262195,2.6970587850424905e-08,2.449591172723316e-08
2013-07-19,0.0034700854357508546,0.03535656573736004,0.0224388779052646,0.14916586133868792,0.04462590546996515,2.8065163835306405e-09,2.372011389478068e-09
2013-07-22,3.19370646794755e-08,0.03797070328980897,0.017822193925403455,0.14492589764696348,0.06028716417129072,1.4716162348402083e-08,3.4071415842863326e-08
2013-07-23,3.0232441907262887e-08,0.036409371384608674,0.017802131009298217,0.14552579598311727,0.0611152105312073,1.551920090730559e-08,3.50469309196493e-08
2013-07-24,7.321129583422254e-10,0.03922470438168794,0.013697396309640432,0.13057966423774622,0.06853566022773468,1.0050567468636335e-09,0.008516148086914891
2013-07-25,1.5825726353741742e-08,0.0389872906952103,0.014341058657303625,0.13134991809018742,0.06751696127920116,2.2783860383790743e-08,0.008931448556573966
2013-07-26,1.1034992380648824e-08,0.03896948853286071,0.014408952966308447,0.13024257400463618,0.06828777035569347,1.6868297248719136e-08,0.009440752834167088
2013-07-29,1.0963379999006098e-08,0.03881507992523856,0.014393872559067357,0.1307225643957742,0.06814168005325552,1.7430253261200343e-08,0.009093243501411328
2013-07-30,1.1843989855493648e-08,0.03976912409329554,0.013612493571989608,0.12926639393224584,0.07012382843509132,1.8991578334677997e-08,0.008046404340689381
2013-07-31,1.7187316305442018e-08,0.0393954007828131,0.013781459398851649,0.12769163367390052,0.06901667070812198,2.519146375176813e-08,0.010667987467949551
2013-08-01,1.5619998955335692e-09,0.03760318579689857,0.012523323934042143,0.12759094423861025,0.06265260654411242,1.3842318120878174e-09,0.017468042168486485
2013-08-02,1.3482091118519484e-09,0.03767345191437425,0.012368718960430696,0.12773022042717802,0.0629208351098421,1.1317354052608505e-09,0.017250329226612748
2013-08-05,6.738454458637028e-08,0.03782621797277897,0.012397442366901606,0.12733620177776214,0.0629148598969889,5.669357668248859e-08,0.01733709916689025
2013-08-06,4.550698263744107e-09,0.03580366375314468,0.010963141615710109,0.12685765986062292,0.06138363273299089,4.629184077501647e-09,0.021347790673324537
2013-08-07,3.547236888359268e-08,0.032235929448703717,0.012930258777992441,0.12851085539754467,0.06467540387026073,3.135752419853132e-08,0.01908526564274903
2013-08-08,1.1186320236142469e-08,0.03544695464468649,0.009427131169480164,0.1353714029159494,0.06402858013083045,2.5635656634844648e-08,0.016658693211960954
2013-08-09,2.6621134749446857e-08,0.035256059890935346,0.008104954138972761,0.13066009689726005,0.06922194610375801,5.7367496634667136e-08,0.01687136528060602
2013-08-12,1.2576502721368204e-08,0.030828724499262907,0.006781223274744871,0.12819091962201165,0.07917463113052249,2.148327489411546e-08,0.014821343793139674
2013-08-13,1.0666394594917534e-08,0.03024749207149625,0.006552016177816418,0.12938004273330536,0.0773110611334495,1.979629534516603e-08,0.016190064232178388
2013-08-14,2.129206454947764e-08,0.02994101666005245,0.006165917539514835,0.1256465685583396,0.08013101486114152,4.7886495891489814e-08,0.01842769203671664
2013-08-15,5.8744146995872195e-09,0.030897848945411244,0.006469929935332521,0.12290452663211936,0.07661572844549686,1.5423276092419507e-08,0.023584699893424533
2013-08-16,2.946217176721585e-09,0.031171342052516263,0.0070840583668892124,0.12467837755656133,0.07454510694798908,9.270153887888659e-09,0.02347342112991274
2013-08-19,3.7759829943126375e-09,0.03195031940298627,0.0073824175832048235,0.12555505970354644,0.07332073108545438,1.1589274115358492e-08,0.02267835278012852
2013-08-20,3.132253070581936e-09,0.02896918560048145,0.004746071106744775,0.1252204203587026,0.07808452391984483,1.2145504203921924e-08,0.024494486663048837
2013-08-21,4.775181214340409e-09,0.02831783998820186,0.0046700800813360074,0.12424628853297252,0.07669947666933907,2.6194664979620208e-08,0.026492863002556717
2013-08-22,7.996246727130109e-10,0.027675860000992883,0.005009110487718504,0.12691956343759975,0.07396314574210536,5.143573514014797e-09,0.02727009244316469
2013-08-23,1.3124099003755242e-08,0.030975084516785663,0.003064785511143992,0.12480057652103276,0.07864952091079726,1.2262049780131e-07,0.022649999299081097
2013-08-26,1.4562706694538883e-08,0.03040250007379408,0.0037023600631819406,0.12318362426298834,0.08005225226213446,1.28542987698004e-07,0.022553200914226273
2013-08-27,2.4253037060664438e-08,0.030441647393288317,0.003377621954869448,0.1246032032519099,0.07828259353050987,1.7171776623120926e-07,0.023118936733047633
2013-08-28,2.309645638157513e-08,0.031218263906313836,0.003849933815264483,0.12486407932600355,0.0772977357330393,1.5818134572177172e-07,0.022892657790421742
2013-08-29,2.6743595147145453e-08,0.03178852223798718,0.003318867679205839,0.1242074024552928,0.07893770473085937,2.914711207903719e-07,0.022470851145445173
2013-08-30,2.1037747235727484e-08,0.03224763228330885,0.003539734510953771,0.12293304958980407,0.07898353338695838,1.4424286037784194e-07,0.02232869885640096
2013-09-02,1.875383558607965e-08,0.03428121695202987,0.000888028134367144,0.12364366134549475,0.08103021903038322,8.120921902663572e-08,0.0217942039597393
2013-09-03,7.564865800324693e-10,0.03226482527229936,0.0020949748430059106,0.12386031429682234,0.07753181816022417,8.892475599027322e-09,0.025728139528900545
2013-09-04,2.42784513415827e-10,0.033535750432023205,0.0007612788508405774,0.12373754405111108,0.0806532129587349,4.224950343662969e-09,0.02423871601719684
2013-09-05,3.062922479486157e-09,0.033100694722140014,0.0007996372112553477,0.1238048946935258,0.08252700035661624,6.315620303433418e-08,0.023394884695657786
2013-09-06,2.5977547790242857e-09,0.033600825072674825,5.8565870173568216e-08,0.12137068891408738,0.08748049157792756,3.049425607781353e-08,0.020489508988703563
2013-09-09,2.332268526290793e-09,0.03371734905702549,5.1560682122351446e-08,0.12258400185166655,0.0868232338889572,3.1754966769436184e-08,0.019700751712068167
2013-09-10,2.4813583402439846e-10,0.03334300492169545,1.0272759906589008e-08,0.12285659017648992,0.08791472486603934,2.1226906677438774e-09,0.019872318927412414
2013-09-11,4.068078108398176e-09,0.033886004228408866,2.3835429232221045e-07,0.12320229577827692,0.08745065207303199,2.6791197323141142e-08,0.01954961679229193
2013-09-12,1.5177968504885239e-09,0.03441489186482813,7.888412761360825e-08,0.12445081120591332,0.08616459851426353,9.327179878278329e-09,0.019433781496294364
2013-09-13,3.048760071437239e-09,0.034367698312205805,1.6532267836903569e-07,0.124221376462845,0.08639696528485967,1.8491444395119796e-08,0.019441439460422368
2013-09-16,2.1989083780836223e-08,0.03377576063946292,2.3683462133508818e-06,0.12557040431097374,0.0869024173593846,1.2010091213646865e-07,0.018733162119678792
2013-09-17,2.350147171921304e-08,0.03365425259729024,2.6600259635044613e-06,0.12390497528492705,0.0886834281924312,1.3113981078629102e-07,0.018434281474671774
2013-09-18,1.2763177084608728e-08,0.03691101825392842,6.154802576127196e-08,0.12511831182584582,0.0946675911033497,9.275782020356724e-08,0.007782442596867374
2013-09-19,1.5176039782089236e-09,0.03626789248402077,9.65524879843236e-09,0.1253994903526453,0.09698593815016764,1.5741532611871358e-08,0.005514565814611498
2013-09-20,1.711991255187435e-09,0.04235677698089594,6.3491421342517866e-09,0.1232407591210758,0.09859716665169636,2.1641727946881792e-08,1.831988149025516e-07
2013-09-23,1.3197926815048743e-08,0.04162470476491993,5.730738496502558e-08,0.1234718777328927,0.09914917112076786,1.6384222397132953e-07,1.815986258123436e-06
2013-09-24,3.530306783817666e-10,0.04158055994771017,1.6212952250129116e-09,0.12477268692841292,0.09872449390090657,3.82719080843454e-09,1.5288025609497886e-08
2013-09-25,4.920152638435177e-10,0.0417404686295709,2.3678053029793413e-09,0.1227663844515984,0.1013172305573484,3.737801919018546e-08,1.3478725893493065e-08
2013-09-26,8.560094558273436e-10,0.04202694397964248,4.296136598229448e-09,0.12262318668499235,0.10101287591549367,7.155547019502233e-08,2.2653887396164515e-08
2013-09-27,7.032796444840553e-09,0.041509405364248166,3.238661309367558e-08,0.1249126067985014,0.09988488935268616,0.0005158210329896559,1.0053070868114908e-07
2013-09-30,1.5312799355680432e-08,0.03837793884162071,7.2140695007883535e-09,0.13673830584433172,0.10857551131155434,1.9136048472062723e-09,3.102749445380677e-09
2013-10-01,1.0336882535723637e-06,0.035951732931184435,2.4054929915284574e-07,0.13658280358291675,0.11367748297371373,2.7212638617356384e-08,5.327570922966795e-08
2013-10-02,5.4536633997250197e-08,0.03397236495659428,0.0003962165839429559,0.13670167873018868,0.11979508851019928,3.627252910469543e-08,3.841937155882473e-08
2013-10-03,1.0404612367211213e-07,0.03530403803960373,6.750496126070586e-06,0.136625279689373,0.11843426122175454,6.907280605934756e-08,6.927978581861085e-08
2013-10-04,4.569307148348057e-08,0.03912333418165457,7.786221383345338e-07,0.13435416901851766,0.11829261146186835,1.6250283407668753e-08,2.196839920811636e-08
2013-10-07,1.6904179463016028e-07,0.038775217911123316,3.8188723993622365e-06,0.13526915387463778,0.1173627891949413,4.2020691328151344e-08,5.522336626125162e-08
2013-10-08,4.9583858253651226e-08,0.039522734536933495,5.496791585644915e-05,0.13601457572645376,0.11553760032123805,1.5288832155649505e-08,2.016136404387558e-08
2013-10-09,1.0053190489220528e-07,0.041341066330124215,0.00011828163175539537,0.13625605577572975,0.1143121409908077,3.406751841904574e-08,3.812309839939621e-08
2013-10-10,0.0031984424143699226,0.0466021271716389,1.721101376719986e-07,0.1398652533560181,0.10144342960198062,5.114541117484009e-09,6.528655713421086e-09
2013-10-11,0.003320982532051373,0.04557633642532416,0.00015152079026286297,0.1412388672710635,0.10091491915402864,1.772882842412489e-08,2.0649841450384774e-08
2013-10-14,0.0023297540073563988,0.044251538729730366,0.0007294087916014581,0.148062466213133,0.0999968823030158,5.7752401843849254e-08,6.332204990699816e-08
2013-10-15,0.002769677152222526,0.044650054251363376,0.0014837517742246687,0.14753464445712305,0.09833659923530384,4.7036255916798916e-09,4.3917152067615645e-09
2013-10-16,0.0015874667204536892,0.04404944640850995,3.129866746350293e-07,0.16045249597713385,0.09506197889473536,1.361449720999028e-08,1.2860725466554678e-08
2013-10-17,0.000959251679503674,0.04148350622621178,1.2208789762411725e-08,0.16601377944363596,0.0970481240300445,3.011108933870617e-09,2.956103652021616e-09
2013-10-18,1.2491271317596986e-06,0.03856046709220102,8.704744921453298e-08,0.17266581118592791,0.09847541426508287,3.823715557536108e-08,2.5535842308838533e-08
2013-10-21,1.0305033254155923e-06,0.03915355972421227,4.5535327730718395e-08,0.171950152637728,0.09856682471441068,1.7236018176455302e-08,1.2014635686483727e-08
2013-10-22,1.3717325504080505e-07,0.039384503889836935,1.9228177501169402e-08,0.17186756204305145,0.09838864405426664,6.62225950816105e-09,4.50359061408231e-09
2013-10-23,0.001191995788437089,0.03824239405348241,4.351388522472261e-09,0.1677999594039927,0.09974809663295163,3.0378434394342762e-09,2.190721492995557e-09
2013-10-24,0.0013052583308152026,0.0381690600198852,3.279421819806384e-09,0.16760383018702668,0.0998984761100861,2.376380572554721e-09,1.6994873299523827e-09
2013-10-25,0.001156943285550346,0.038116980767786926,3.4371125514132798e-09,0.16916035209128916,0.098723786937815,2.0678361208983176e-09,1.5332595388322885e-09
2013-10-28,0.0015561101649418205,0.03864291127231228,1.0026600536686317e-08,0.16844244136080735,0.09852452610556096,6.34650231810445e-09,4.4184063684379195e-09
2013-10-29,0.0015868669164075884,0.03854848591140033,3.779304126335451e-09,0.16816480471405812,0.09888902535020334,2.365070237902227e-09,1.6328065397639236e-09
2013-10-30,0.0014799895274212936,0.0382192077859771,3.889242203992416e-09,0.1682184918491287,0.09925521761218484,2.3492394285842798e-09,1.579561639491299e-09
2013-10-31,0.0008433419899080556,0.03825993435198943,1.4159408885615343e-08,0.16597035078005312,0.09978573707074688,1.0944675603823122e-08,5.554132693621221e-09
2013-11-01,2.3427930531782627e-07,0.03799404565386162,2.397810755095396e-08,0.16358487336776886,0.10388680098212584,1.743059993765924e-08,1.0815218380182878e-08
2013-11-04,0.0007343008881576723,0.039724025817319486,5.1253448744118325e-08,0.1630910478935386,0.10283804466391007,3.373193829031255e-08,2.1997139011946976e-08
2013-11-05,0.001344853418654321,0.03966660584277723,1.0797396618757658e-08,0.16253456386921758,0.1022754472317832,8.717682974937518e-09,5.362151913005743e-09
2013-11-06,0.0014420755229237756,0.03994062307825956,3.158544804814465e-09,0.16180681413983206,0.10332230010172716,2.05340653006247e-09,1.9445867352548467e-09
2013-11-07,2.44260094897903e-07,0.0430787206103411,1.1167138172575868e-08,0.16306021683275193,0.09872784207179464,1.2626839809083619e-08,1.1935484569803831e-08
2013-11-08,0.001360896959370917,0.04504035899642913,3.099696785453225e-09,0.1617363516595751,0.09521245671711548,3.2543873439182823e-09,3.5946333990903584e-09
2013-11-11,0.002029749902001148,0.043708106943612164,2.187895847402478e-08,0.1606732532727967,0.09604482866757673,2.2121418722790142e-08,2.571184187464864e-08
2013-11-12,1.3155705683855414e-06,0.0441494509022845,1.3599767241149995e-08,0.1619803991598278,0.09696042462884764,3.1716944003885434e-08,2.0888793948829217e-08
2013-11-13,8.342303311751206e-08,0.04705007223450945,3.255406170913831e-08,0.16334171041189735,0.09661478214302842,9.669444279765104e-08,4.232110840227523e-08
2013-11-14,7.49089808698204e-08,0.046339862987475486,2.0806559152390377e-08,0.16349130931140415,0.09640132663464078,5.8423322366749275e-08,2.9538733832236607e-08
2013-11-15,5.998193409329364e-07,0.04418415539141541,6.110366043207053e-08,0.16450388448640565,0.10051644511449943,1.620347786525445e-07,6.328868284721722e-08
2013-11-18,1.6010302657745606e-06,0.042342481194688864,6.785802648577298e-08,0.1686203293099958,0.10102292056155644,8.373167718339128e-08,5.957636055500678e-08
2013-11-19,5.897410466815447e-06,0.04237350403195032,7.554424227223486e-08,0.16835124751243966,0.1011199270476651,9.777788547247053e-08,7.471275200742504e-08
2013-11-20,1.6148193370627428e-06,0.043043890293929125,7.12950664782261e-08,0.16610881377618444,0.10487833591104012,8.503439651581191e-08,5.4306364218187356e-08
2013-11-21,0.0012374894284068988,0.043906209238065264,1.554960844475937e-08,0.16209928025685635,0.10464282458566522,1.1099077174580252e-08,8.187962315972082e-09
2013-11-22,2.600228703267509e-07,0.04200599456342138,1.787892883879584e-08,0.1634214275606794,0.10683147991994116,3.9307418801365414e-08,1.9049079517705253e-08
2013-11-25,2.896730401687073e-07,0.04183046388841905,2.6611858005150326e-08,0.16401358281174558,0.10661846898688383,6.549432797885934e-08,3.034701635075216e-08
2013-11-26,1.0131259367608263e-07,0.043080437361122964,2.6556920404578956e-08,0.16411235462152576,0.10891142807127853,3.5666337022922625e-08,1.6231041202327052e-08
2013-11-27,6.0583873742694616e-09,0.042952558189838085,3.6528957416775323e-09,0.16334961466048747,0.11015825866851693,4.628974957852506e-09,2.1505507770522943e-09
2013-11-28,5.076100519273888e-08,0.04101379653763916,1.3263900437316972e-07,0.16291586338294142,0.11295576208523073,3.48972113558243e-08,1.986999903852905e-08
2013-11-29,2.928579816215981e-09,0.041034010941934256,3.007194166482818e-09,0.16324703851310216,0.11253133192256336,3.193623872411456e-09,2.0903382973125087e-09
2013-12-02,9.411091427486858e-09,0.04187201993584157,6.076549259646914e-09,0.16191639159032362,0.11382236062048988,1.3300127905903649e-08,5.4664245720462175e-09
2013-12-03,1.3802142220322331e-08,0.04185148701292859,2.674660400597736e-08,0.1601861662016876,0.1160680031896843,6.898735738246454e-08,1.1116918657324794e-08
2013-12-04,1.8554566113396056e-07,0.04282726945393827,4.165461200259225e-05,0.15649856688462932,0.11985223051791387,1.5423323157307392e-07,7.246249706357126e-08
2013-12-05,0.007770077991706549,0.05111699223083093,6.905227501724567e-09,0.17403956664658032,0.10064421184658044,0.014260784538344031,0.025830428154760263
2013-12-06,0.00641046759535365,0.0536462761062482,1.9609093894933822e-08,0.17745307180231654,0.08844325159129232,0.018032543007038816,0.02735482587374381
2013-12-09,0.008232074688467523,0.06607497943810756,1.4221971852963242e-08,0.17123444276580094,0.08404224671648303,0.025635302858548745,0.021414171556031
2013-12-10,0.0063271766483717655,0.06415100341439911,1.5604697936413722e-08,0.1767852426013759,0.07941856087368135,0.02693868178271927,0.02572593237781641
2013-12-11,0.0016407608548667,0.048805743681817886,2.315426692931744e-09,0.18039338313096276,0.09921190839853283,0.020360827501436928,0.031797474269790287
2013-12-12,7.661400025803262e-09,0.04812316711642987,1.6976324993507784e-09,0.18146929537292905,0.09753315255096212,0.019799094827053783,0.03644565611545611
2013-12-13,2.6229927311323503e-08,0.04662881089851167,6.319167649095276e-09,0.18228781689024234,0.09789317298899827,0.02067011525925646,0.0361851124122321
2013-12-16,5.087980254670452e-08,0.04802504372201125,7.684022935077883e-09,0.1856830578410605,0.10113573415457944,0.01849148075898453,0.032452614980522716
2013-12-17,1.837049836533152e-08,0.047251960720486666,4.005507085325768e-09,0.18605046531963845,0.09860138596884864,0.01554801552761743,0.03782159554905694
2013-12-18,7.197461006552215e-08,0.04785295258101819,1.0590519941451807e-08,0.18832571783001828,0.09014706004935344,0.015714252057356357,0.038394193385153035
2013-12-19,1.0642556297528599e-07,0.04897179823983183,1.3726207757487008e-08,0.1872063890687064,0.08530034210859164,0.02139323295813823,0.03896766763237372
2013-12-20,6.557996952357893e-10,0.05452966535271602,1.5347993104528017e-10,0.1829843833563451,0.09541011063406613,0.014159142184133024,0.033029068122415635
2013-12-23,6.089289005884378e-08,0.05194179998518253,8.792437475003643e-09,0.18472062240465936,0.09400263696693496,0.017887107151958487,0.032113198286836564
2013-12-24,8.157733080185585e-08,0.05013849971271793,1.2057811021427125e-08,0.18580934417826908,0.09190777585392244,0.018553583356128344,0.03700419444030631
2013-12-25,6.013304959952393e-08,0.05286397561579459,1.0568745168436173e-08,0.1912405555499335,0.09192181599385447,0.016191678228074134,0.03556995142881765
2013-12-26,5.7557436494642125e-09,0.06153799825987094,9.431085662084426e-10,0.1838587924871425,0.09331432862554312,0.010880268519525334,0.04825201795283268
2013-12-27,3.5855747688069975e-09,0.0621709669898232,6.010469270861227e-10,0.1823867318649914,0.09554773463824344,0.008077175779115372,0.0486698167411921
2013-12-30,9.028139728070263e-10,0.06234933038675894,1.4587422954071294e-10,0.18078066572928486,0.0951650871134321,0.007579990898600924,0.05033818903424535
2013-12-31,1.5753584872395706e-09,0.06272656215515374,2.1260036402965318e-10,0.1800408296220738,0.09609336554357953,0.00718912752778413,0.0499777100912565
2014-01-01,-2.5973289352128766e-07,0.06276887329451071,1.5341296369884306e-08,0.17988088395626292,0.09629482072727556,0.00733923736907327,0.04979084073716966
2014-01-02,0.0027994707928647336,0.0657024607942978,7.16643733491883e-10,0.17249879338117113,0.0938372631027558,0.004582546779755085,0.05157129345632859
2014-01-03,0.007010470504923371,0.058703067264905026,4.285676054389703e-09,0.16862379217840792,0.0892348051650575,0.009356394493196241,0.054803177737163616
2014-01-06,0.008596052793784217,0.058452450779170564,6.130127213481935e-09,0.16666462821285805,0.08889434132915745,0.010573191335672692,0.05494804575073935
2014-01-07,0.010550704701314044,0.061108043978194776,3.669516081229189e-09,0.166661194599173,0.08597242463848706,0.0071793361064530015,0.05657603068293835
2014-01-08,0.007611286714812406,0.06243050699898706,6.051920971031666e-10,0.1663812935018592,0.09094384966794736,0.002831539564432949,0.061556911567738175
2014-01-09,0.007977584825657715,0.06152916816878201,1.3563248177790148e-08,0.16440027750580785,0.09237349187193128,0.0019229845065990925,0.06184216913850889
2014-01-10,0.0070731323898519894,0.06206554344614738,9.894149289998512e-09,0.16276568998535526,0.09767582191006546,0.0008510313512338392,0.055582483179185564
2014-01-13,0.007075010779896717,0.0625656688369954,2.4627187149162594e-08,0.16346004271917056,0.09363744764163327,0.0017009768463908373,0.058161536138215036
2014-01-14,0.006360439618861664,0.0621647250371884,6.74021687552533e-09,0.16620875022459106,0.08893517449628774,0.0010083541392877328,0.062128803635179725
2014-01-15,0.006851969936474965,0.06188882126553165,2.7774203836106937e-08,0.16611455626444532,0.0892753555100411,1.684903704333278e-06,0.0610471930544594
2014-01-16,0.004299857739568739,0.06346623902361842,5.248598312651935e-08,0.17101115728810085,0.09874471470236802,8.271872100099872e-05,0.05397893048490366
2014-01-17,0.0040478817759285815,0.06313282074909261,5.900825350726696e-08,0.17121801692332056,0.09900841725414654,3.7679917386497324e-05,0.0540609300285811
2014-01-20,0.004260548219153666,0.06233269636075716,4.4421843616209195e-08,0.17195028422757502,0.09943189177833044,0.00015283162521478026,0.05353485179850615
2014-01-21,0.008382091558516505,0.06590290861452187,7.011535640889425e-08,0.1697689661975144,0.10590019041482283,0.0011438745413253173,0.044390995537278786
2014-01-22,0.008886541628861268,0.06958480738167754,3.505796877953167e-08,0.16677412883105552,0.10842934035944024,2.9938775112522135e-06,0.04339738747505351
2014-01-23,0.013828725389653442,0.0676362648700797,9.149002642464275e-09,0.16588719686602302,0.10821001248103468,0.000817583920279384,0.04054689273782505
2014-01-24,0.01368326606392738,0.06439378502337899,6.825620072984383e-09,0.17505385173189014,0.08607020549418269,5.681685176963079e-08,0.05264938562487802
2014-01-27,0.03801075947097071,0.05101037925034867,7.484100025327299e-08,0.15319679107769615,0.08720761082410658,3.096369297471352e-07,0.04965934254393852
2014-01-28,0.043462234647638716,0.05171019917206522,1.1894176422696984e-08,0.14458173464066226,0.08507177328018176,2.5172140113116403e-08,0.0492188132514156
2014-01-29,0.04362748630331289,0.05136569761858077,1.1149658682816022e-08,0.1448414598891829,0.08578731923465911,2.449089165820589e-08,0.048622706314381176
2014-01-30,0.030163173579407482,0.0489481900520066,1.2604640054421267e-07,0.16797725876280187,0.08388402800767407,4.6596769495132466e-07,0.049261827413774585
2014-01-31,0.024831162499144188,0.05780505723109178,8.423741661725346e-08,0.1723838450187044,0.0788922604374555,2.1210893656762432e-07,0.04871231069057782
2014-02-03,0.032221987068598384,0.057123913883916994,1.5853942466141106e-08,0.17270870514468584,0.058784428325570084,6.592895056646513e-08,0.05556933441867755
2014-02-04,0.03399104033686099,0.05838135360353064,1.9596198248112877e-08,0.17541069904037854,0.060536669429034864,9.41970444056961e-08,0.04966160572829248
2014-02-05,0.031375814540495935,0.05689519389756473,1.367085880225118e-08,0.18355656982245208,0.0600700864628073,8.709164186146822e-08,0.04984883735184168
2014-02-06,0.031078459173672364,0.05523140310532498,2.3979729189514937e-08,0.19243991723919074,0.04885654379190348,8.171555796974073e-08,0.04829448536516985
2014-02-07,0.02619600786030348,0.05000268454747661,8.364725041942396e-09,0.19139103180711944,0.02639797776705413,1.4045763048653724e-07,0.07608470098665815
2014-02-10,0.02593663694482271,0.049977278464266334,1.8526337174223972e-08,0.19592251641716973,0.023461460678062318,3.437245542952906e-07,0.07619486996880252
2014-02-11,0.01933632517190552,0.032560999358916404,7.363794757449027e-09,0.2111797708766865,1.3211330224116616e-07,3.621038613574261e-08,0.09634825232866394
2014-02-12,0.01757791626617363,0.030216362336868342,9.656825638277775e-08,0.212577992261067,4.811088820421506e-05,7.57387462778473e-07,0.09762317576686716
2014-02-13,0.01952552402112621,0.027145268841127827,1.9999926588538285e-08,0.21425045699594245,7.414418179084559e-08,6.719672424817157e-08,0.09612160506229668
2014-02-14,0.023845633286531803,0.0182422769962106,3.4972312166873065e-08,0.215167125111256,6.347009908784694e-08,7.991146607654419e-08,0.09460315647408622
2014-02-17,0.02295499763469295,0.01612150265954421,1.7620289141395876e-08,0.21850989463788867,2.4963447022954097e-08,3.264590130955703e-08,0.09345417068937822
2014-02-18,0.04896254835916946,0.01530551612039864,0.010229037818259751,0.14217956605627216,6.646536960187809e-08,8.938160970810207e-08,0.11126613934456768
2014-02-19,0.046014409823078216,0.016124706418787632,0.01354198004074046,0.15405720215903035,1.0333127886182793e-07,1.002292231111668e-07,0.10332041798847116
2014-02-20,0.046565510732535315,0.015419718634908606,0.01310135618117382,0.15373536045926345,7.104972392527362e-08,7.045285587420753e-08,0.10449528246850227
2014-02-21,0.04523417360071918,0.016082829390982902,0.013073316232302198,0.14072562946267286,2.0084878026765547e-07,5.628510643708799e-07,0.1251083684719234
2014-02-24,0.03215478763698786,0.04530213581089194,0.01017007125601907,0.17139061170113426,0.011235913519689555,4.194352429373825e-07,0.09444976647099697
2014-02-25,0.02703529216073609,0.047758164896659336,0.006857622131993649,0.18194368572515465,0.02143591128063196,8.95752771806297e-06,0.08474774053200937
2014-02-26,0.026716011443671032,0.049482457025714965,0.006220855731087472,0.18271539073668933,0.019676285581848318,2.044424006525334e-06,0.08533249514082847
2014-02-27,0.0275281762330243,0.04636903297216273,0.003973220706975364,0.184330611017316,0.015584583389290972,0.003826557617847127,0.08786915558293333
2014-02-28,0.032755260251368365,0.04661519347566634,0.008397892166827464,0.18421443946362825,0.017464315341236717,0.00018941755851206688,0.07734328133762708
2014-03-03,0.02723093710670391,0.04449780755067791,0.009013962544079015,0.16065974756124768,0.025707808460039616,0.01706001785695652,0.08427691098743355
2014-03-04,0.033911634433582624,0.04121047431815349,0.017806972803485813,0.1628876013650393,0.014278754457770756,0.005207988241143548,0.08678719520518084
2014-03-05,0.0517605536229405,0.02594068879041029,0.02339600914193121,0.1343428100135867,3.0120254515758518e-06,0.006307885435513864,0.12478497090717933
2014-03-06,0.03809163622151968,0.031483053138092014,0.021613034636697875,0.1373596273626765,0.013193721338562149,0.00663456734563439,0.12646161515330698
2014-03-07,0.03720262376212171,0.05042904155529332,0.005272730349531355,0.16746363437470604,0.04124946347978151,1.884950051749272e-07,0.09719942017830163
2014-03-10,0.046740020693186106,0.030435283841117718,0.005143019731192024,0.13525238593872246,0.06997021394904787,2.576936075166109e-07,0.09844029124575986
2014-03-11,0.047192795333089066,0.04518725514800311,0.0007525767629464371,0.16238325691705638,0.04202937151627897,0.001639757332026031,0.09580624032428467
2014-03-12,0.04338648401565011,0.046431482479005526,1.5151848682280512e-06,0.16770141712555245,0.042409918544813206,0.002997314920357109,0.093684003516278
2014-03-13,0.03985380353260844,0.04815148626873027,1.4479089342075724e-07,0.1717963560759192,0.036192190823427284,0.001666806761428525,0.09794000783564348
2014-03-14,0.03674071003932507,0.04993794468177497,4.8878636694556065e-08,0.17676598393663878,0.03240929599198314,0.0053501021952748785,0.09472079224834606
2014-03-17,0.03939950564726468,0.051142623916199434,4.3643795459745033e-08,0.17042195443126604,0.03550610223915186,0.005665092182871051,0.09816521106248448
2014-03-18,0.043342552740178585,0.05259314521285705,9.793835851691918e-09,0.1712846245462979,0.036179228638785435,0.005896366169674098,0.09034013639793427
2014-03-19,0.05245775405253487,0.04949173473024037,9.212338042281177e-07,0.16610716174440227,0.04430199881611584,5.893829153342683e-06,0.08864492757477363
2014-03-20,0.05643669372912586,0.04376829082058508,0.0038709918458299936,0.15734740229995509,0.055873122218716265,0.00024096377775169293,0.07858776908608296
2014-03-21,0.05728612089569875,0.04208219827347959,0.003675891555454325,0.15967739574566206,0.060194463667183486,0.0016503536661404922,0.07067702110743036
2014-03-24,0.055901831578661486,0.044848440505096114,0.004052442628718728,0.16427643535337924,0.06031122541859759,0.0015410789086023114,0.06506850756976687
2014-03-25,0.05774347389279837,0.04586421390318368,0.004098061973477252,0.16176981494875428,0.06428395923794095,4.3187214691519625e-06,0.06097996250493596
2014-03-26,0.06471294551326078,0.0453061512811534,0.003468990317934431,0.15609963184289094,0.06706728275285632,2.6308475802862697e-06,0.058428063518571625
2014-03-27,0.06580478324900546,0.04054096645659398,0.0016096158782933714,0.1549795493202562,0.07441864613248192,9.333335840726e-07,0.06127493687019801
2014-03-28,0.06684244103348172,0.04096525056934343,0.000278937388164319,0.1585794437721073,0.07724686592371613,5.008555517018074e-08,0.05320063944213558
2014-03-31,0.06805637297803259,0.04136464168217754,0.00011125927934101916,0.1591080282354896,0.07809963042705992,7.546858452721965e-07,0.05030301394416304
2014-04-01,0.06829112683607348,0.04192903614113535,2.962536347619375e-07,0.15746408768014555,0.07979854099349587,6.63771462540033e-08,0.04965931063022933
2014-04-02,0.07008007974496548,0.036827309993450484,7.639767737269528e-08,0.16282778109380122,0.08017179639155289,1.383482955548105e-07,0.04914241902620501
2014-04-03,0.07251327016150128,0.0375469869231206,6.569671673731001e-05,0.16292080368278652,0.0806158409932399,6.608623779614514e-07,0.04718354799046347
2014-04-04,0.049906327013414124,0.04509818309281167,1.7144538460707714e-07,0.1774884555221023,0.07423488599429676,1.908879124343641e-06,0.06453822263171173
2014-04-07,0.05034987385289335,0.04113075241311547,7.455850260591046e-05,0.17612076366989252,0.06671554832059612,1.1800690229014379e-06,0.07553311961945718
2014-04-08,0.06314438135449446,0.03217046266029897,0.008413125319684028,0.15225994749790078,0.0651898576718967,2.172732885589839e-06,0.07816716790952072
2014-04-09,0.06925312028389552,0.026681958749720455,0.013232459404883223,0.1488745348744929,0.0555437553855808,0.003193659823095261,0.08331646793392443
2014-04-10,0.06960798388689886,0.027766458773027573,0.013366125313123952,0.14870757532190262,0.05227460400992028,0.0034140790961512337,0.08478676190235676
2014-04-11,0.07104896531117594,0.02768833742222053,0.016004530787962656,0.14942898254636647,0.04928171032968956,0.003391287001505235,0.08114702353462509
2014-04-14,0.07315369109945585,0.0273932421965716,0.01929312312731959,0.13869615807433336,0.043024810532651885,0.003018715984913048,0.08735749763736897
2014-04-15,0.06994329609630863,0.02094195083097431,0.015381925739481253,0.13493313459278256,0.043149568236638486,2.4517071755669623e-07,0.10477785026299906
2014-04-16,0.06728582054258206,0.020845626422101176,0.015669694035188655,0.14137141190325395,0.037937978461560565,1.3214863211894022e-07,0.10557173215922834
2014-04-17,0.06762960785578294,0.020787926091514097,0.015179242106025947,0.14090308929294884,0.03800805895156862,4.0103631053778853e-07,0.10606165745369783
2014-04-18,0.06660152560148469,0.023834971863531076,0.015007446329614503,0.13171872546346394,0.04678162425585735,1.1121961356868651e-06,0.1113779814811696
2014-04-21,0.051070830156674095,0.03862365068690519,0.009323076986836005,0.1728188172438732,0.05319449026727535,1.672063941401336e-07,0.08380658399625407
2014-04-22,0.04852708046202711,0.03801477675696159,0.009114857252071258,0.17726515398360662,0.050432755598029316,2.5665111738291404e-07,0.08996959328266009
2014-04-23,0.05107535622741242,0.036789385722823,0.009106739720871823,0.17519442987138714,0.05140847682666182,9.475098363914414e-07,0.0893795992562699
2014-04-24,0.06917676849949793,0.03331863036033785,0.012836317345467169,0.14416915840296254,0.05035306064766845,1.8762120615952856e-07,0.1009930765907444
2014-04-25,0.07107703160178971,0.030944850318659838,0.012341400543036948,0.14538097539570902,0.049910605749159835,1.6725894631010005e-07,0.09956161720804348
2014-04-28,0.057248483031728525,0.031503513978437335,0.013960219159903722,0.15841181310202662,0.059509145190052265,3.9714805865097397e-08,0.09452507144929878
2014-04-29,0.05956917632190267,0.019212815408842128,0.01715024138085398,0.1543889680137325,0.059087259315647414,4.070178848876554e-08,0.1051503914124566
2014-04-30,0.0595076182960168,0.015265086324100341,0.01712732360225771,0.15153568653885774,0.060173213567088886,3.31098535236985e-08,0.10975341634043008
2014-05-01,0.052974078621242204,0.02563787609153467,0.016448310689232037,0.1627565635668671,0.05832818227495814,5.1171832103674e-07,0.10347296767697696
2014-05-02,0.04598329998663556,0.03621564494488362,0.00781246572742869,0.17640802610323136,0.051159161450696836,3.614487387307072e-07,0.10372445147293316
2014-05-05,0.04614916043826312,0.03444327911704874,0.007055472382127116,0.17765054575954092,0.051572567588329433,3.683543155078342e-09,0.10472391216984027
2014-05-06,0.04556448510630831,0.03328032093892425,0.00889672218236209,0.1772366644466188,0.04862046970768946,5.519002886864692e-08,0.10959638579119853
2014-05-07,0.0491935961682208,0.03179995931089753,0.008768526581293592,0.1717176758348874,0.0484981351120484,6.720194557494018e-08,0.1155278153321198
2014-05-08,0.04852272272461866,0.030567355989341162,0.007838785520722723,0.1776863414700069,0.052428179849078035,3.173246951279882e-08,0.11050304307991568
2014-05-09,0.048834527333089656,0.031222261721670863,0.007641520947752955,0.17707054266197916,0.05409519846984396,2.9166781198759483e-08,0.10858794863235588
2014-05-12,0.04661747535431515,0.026823682248591232,0.005900668034375999,0.1793394386063408,0.04946511493420154,2.8706587205225076e-08,0.11501439495138888
2014-05-13,0.04725341243393645,0.026449281104253573,0.006869609548848771,0.1785493289053964,0.048669131739010885,2.7976667640447222e-08,0.1159104628885286
2014-05-14,0.04637645186249096,0.02525228571631,0.005992352448056413,0.17830121157917198,0.05160463978204482,2.4324415285040748e-08,0.114418995327306
2014-05-15,0.045035879032273504,0.02725620765152174,0.004935513910719408,0.1742152020582917,0.04681525866375154,6.028120131016213e-07,0.12057260608447926
2014-05-16,0.04563038806808047,0.027682149319568063,0.005533016524396562,0.17496736913159305,0.04725678923377917,4.965441319412678e-07,0.11796519773409635
2014-05-19,0.05227897371051977,0.02459865205511531,0.009613995878825138,0.16736470111146484,0.04549200804396828,5.115414645406465e-07,0.12339812512518747
2014-05-20,0.0517481555507753,0.02503182045904242,0.007696752695549651,0.17081745622450625,0.044954882940233344,3.411533920118196e-07,0.12241055465090125
2014-05-21,0.05391795406532464,0.023410260203701388,0.007827650690839651,0.1721356429355284,0.044006147146563535,2.3877223583563545e-07,0.12295654514216588
2014-05-22,0.05593814275075034,0.023324318186067637,0.0064236942133183645,0.17227977292215318,0.04623432810788355,5.94601139542579e-07,0.12145890743526253
2014-05-23,0.05696566772718922,0.02328466998001795,0.006625964526770971,0.1730152335385961,0.050343538238661126,5.407464481317705e-07,0.1175558157938444
2014-05-26,0.05801224060903867,0.023426675199539386,0.006878038515368756,0.171635603626146,0.050534528146209734,5.556710389818451e-07,0.11793151958034072
2014-05-27,0.056876357260391926,0.02279527144126493,0.004856225314564277,0.17100582054177027,0.050594040368103034,4.164574887673067e-07,0.122005019348849
2014-05-28,0.06004868662843385,0.026769340758233357,0.008016088342671231,0.15347081409630922,0.04774480882960652,9.443434842742193e-08,0.14135820552083858
2014-05-29,0.06736899663657034,0.026826744293200217,0.007478718086286089,0.15024450098885572,0.04663517066614168,1.8149353483791567e-07,0.14887706890729638
2014-05-30,0.06838677981195332,0.02708803188606196,0.006837523660152618,0.14711170770816945,0.046344295993248186,1.9255516851427525e-07,0.15199800328755772
2014-06-02,0.06859011159804404,0.026305160773967703,0.006955874823057207,0.14810276454519833,0.047682620374776184,3.162822540376703e-07,0.15088585797422854
2014-06-03,0.06971780597973565,0.02634806625969201,0.0071124151930083606,0.14907757915585226,0.049098272169786815,6.195079961792879e-07,0.14861534241751592
2014-06-04,0.06720656614617834,0.02528853416149418,0.006935439858925403,0.1472093586586004,0.05253157835173757,4.0033314829819977e-07,0.1549183244758939
2014-06-05,0.07297068277916255,0.030374795474461206,0.00506545453597079,0.14140347582043553,0.05379060870156443,6.259452059851272e-08,0.1501387351865918
2014-06-06,0.07578413575026799,0.028363606333764318,0.0008266892748580482,0.1453766715796624,0.053680299677268735,5.15164266942049e-08,0.1573977420294467
2014-06-09,0.0757353203320878,0.028704961394260188,0.001159524235838548,0.14530378668123142,0.05416556418072409,8.385802581317684e-09,0.15637037522543434
2014-06-10,0.07731043009753008,0.0311290834928038,0.0012721774308656665,0.14364971715656258,0.05615100005966113,1.6348218499758671e-07,0.15287414191108029
2014-06-11,0.07748643678485054,0.030966833257951833,0.0018020078032028664,0.1431944793824529,0.05566949647217679,1.5037417909341165e-08,0.15282503597600092
2014-06-12,0.07810717060776305,0.032342424773193164,0.0017075052448358749,0.13598499361962446,0.0599896377423967,1.715014681530103e-08,0.1522532568880002
2014-06-13,0.07781535708962307,0.031857456000183235,0.0020622721980011575,0.13661564453028566,0.05882559560572835,9.458062165878402e-09,0.15325625442781565
2014-06-16,0.07921425894394267,0.03202023279233257,0.0014691947010814215,0.13993965872520314,0.061509419104596674,1.3428416718136027e-07,0.1469979292082811
2014-06-17,0.07915470350179889,0.03194438671977518,0.0014007953516906337,0.140080958102417,0.0615641451300399,8.004909700560798e-09,0.14698827567208367
2014-06-18,0.07791953136809521,0.0328366045605621,1.5986463998492173e-06,0.14047273350273692,0.05953932519650401,1.0199551786249515e-08,0.14756606850601406
2014-06-19,0.055198614019176126,0.03374683897533539,0.002222460612733677,0.1534049711208375,0.06069886273720886,2.6744374610381096e-09,0.13757826234403708
2014-06-20,0.05419852513895999,0.035420593209543216,0.0017046101191306837,0.15574823611064442,0.06121991959795446,5.138709672007858e-09,0.13478127769802348
2014-06-23,0.0549823929251175,0.03333700939806112,0.0014286963064174553,0.15545868838995328,0.0625470548330092,4.144000601708601e-09,0.1338835625631497
2014-06-24,0.05473103980425565,0.033507919621740774,0.0011600193808179813,0.1558403028420458,0.06269562847319067,3.102343214316539e-08,0.13375297824514573
2014-06-25,0.05400083761157207,0.030937082195031686,0.0012006650862865268,0.16129259561728368,0.0616710732937761,1.6699885592783687e-08,0.1339259625979587
2014-06-26,0.0527924846975099,0.031131180136941283,0.0028469148307267663,0.16513809720960726,0.061015439993321374,6.7616556550727156e-09,0.13130676059010313
2014-06-27,0.057883574843801334,0.02831901266591642,0.00400744381441074,0.16660313858401574,0.054735188388743965,2.642648083377026e-09,0.14555000061651518
2014-06-30,0.060903769152441924,0.02861440514778984,0.004472437082185057,0.1592421081859833,0.0570529895761329,1.7207082036338557e-09,0.14576999524400616
2014-07-01,0.06039658052885765,0.028348460271687064,0.004611182758542295,0.1603981472019748,0.057562781144386364,3.210929904586677e-09,0.14465214548639485
2014-07-02,0.05935079184477221,0.027956160762878997,0.005032783353393458,0.16286597846170595,0.05823554898909231,4.283866067847699e-09,0.14386726378170028
2014-07-03,0.05909564197031272,0.02810787536072397,0.0053562437814391115,0.1629847395707224,0.059062495965690236,9.547344517488004e-09,0.14255051169115546
2014-07-04,0.05988678380222224,0.02875292412348353,0.0049124772298450685,0.16288291553871742,0.05877333988794525,9.30479777332157e-09,0.14235254413726128
2014-07-07,0.0618767113900224,0.029682023649118955,0.0053003142693199175,0.15295944303834266,0.05670808917326045,7.836127192275421e-09,0.1484235278098553
2014-07-08,0.061082360096832225,0.02978147986671388,0.005127161158206158,0.15267800487644206,0.05494276577046125,4.449766357504362e-09,0.1510807512773544
2014-07-09,0.0600043670949553,0.027988484694511748,0.006590945790752663,0.15474877140051385,0.05337901500690501,3.420801858808761e-09,0.1538496925776656
2014-07-10,0.05790500044564133,0.028702317648800782,0.006124933635406372,0.15617051058630518,0.05508613259452542,4.653353688822078e-09,0.15232136953972428
2014-07-11,0.05879483791875234,0.03227126341379631,0.006909126526858525,0.14261131701886376,0.06588638561932399,9.402360850617977e-09,0.15664481727590546
2014-07-14,0.06121888273300018,0.039921511250653685,0.0050585305113095575,0.147757797459597,0.06725693694825302,1.0671666959939017e-08,0.15541283246727827
2014-07-15,0.05874464781229481,0.03966599634835982,0.005317156974532882,0.15004010370640145,0.06721673237377168,6.27082686195986e-09,0.15783045201312235
2014-07-16,0.05827262897976874,0.039594437345390934,0.006188951912371309,0.149988444570517,0.06667940563890544,5.306921014335408e-09,0.15540589154036188
2014-07-17,0.057575431733639035,0.03943808525723018,0.0060468748682913605,0.14983027828334208,0.06734781384461379,1.0321859482422271e-08,0.15589817018972713
2014-07-18,0.057525254527321025,0.0397655855060494,0.005240671912890133,0.15187451322644888,0.06809427052559665,1.1710674353785476e-08,0.15367997229368335
2014-07-21,0.05372582941940837,0.037302192360940165,0.009609069451371495,0.15020617868709404,0.07879169052278752,6.837734873852556e-09,0.15421256157853
2014-07-22,0.05227699332384782,0.02936365093227818,0.011190086613680844,0.1561860256782417,0.07860782340770113,4.016984236893416e-09,0.156789730338133
2014-07-23,0.05280702981470892,0.02823485018004736,0.012174723897067023,0.15552127795854498,0.07874629694174473,3.768566820098e-09,0.1557123462843858
2014-07-24,0.05141991822037879,0.028637823475916282,0.016424335907583704,0.1549336638567286,0.08434030251005943,7.957024039537743e-09,0.15729229244780474
2014-07-25,0.05400034758757557,0.031363164669166534,0.01592420951168759,0.16029319888045027,0.09404105044543147,2.91325008917883e-09,0.15745893553142815
2014-07-28,0.054986863130843035,0.030279214026549477,0.015718813393271136,0.15923121626480574,0.09413620712721378,3.077468543006314e-09,0.15895454145291488
2014-07-29,0.06348489894749577,0.04110983124151648,0.017009531453461055,0.1488130308353936,0.10273352494635173,5.786322644353525e-09,0.15647395864298405
2014-07-30,0.06330009597421735,0.04409922388394078,0.015970934241335964,0.14886593650088295,0.1022776344376366,6.074031812136957e-09,0.15663943309026626
2014-07-31,0.059223908239538936,0.04733536437140419,0.011095265868932868,0.14946664440524718,0.08450937728666269,3.331763337502313e-09,0.1574719872803924
2014-08-01,0.07135390965263168,0.053329791025935186,0.01154847072591042,0.13705527120195554,0.07581709080603137,6.477437734911585e-09,0.16359719968756467
2014-08-04,0.07373649925244867,0.05439228049609275,0.008917523838610856,0.13478596775173368,0.07702796329001467,5.9224259899534036e-09,0.1624732560912857
2014-08-05,0.08041992848992043,0.0664135703126336,0.004016731366040298,0.1329266507051208,0.05491348517668098,4.121613738350811e-08,0.16794378322090767
2014-08-06,0.07352608245933387,0.06903266734759071,0.0028662950153391237,0.13615737258738494,0.051484966896060684,5.6589756926733064e-08,0.17228545537287102
2014-08-07,0.07282936293002802,0.06421628580509643,0.004768994885584851,0.13708450343164505,0.051340917035210376,3.927021875889929e-08,0.1760162032196269
2014-08-08,0.06874421000927054,0.061570405621238035,0.004242878591924832,0.14675430890564842,0.05392708172106877,5.2888615317898934e-08,0.17298859382817314
2014-08-11,0.08085415440017572,0.06698988871168253,5.7113860980653526e-08,0.1432414978346629,0.035405386211562334,1.0169712539275479e-08,0.16892050669315853
2014-08-12,0.08515152543673557,0.06460248853727664,2.232888692502153e-07,0.1371287854950216,0.04400596920578239,3.900763003635652e-08,0.16539972307197753
2014-08-13,0.08426972100027763,0.0638869341361353,0.0028002913449945693,0.15560582745388868,0.039053549883089116,1.1649927159570595e-09,0.14308071124097507
2014-08-14,0.09064397359964446,0.0636909235809525,0.005406826989548928,0.14328098865256747,0.042202420187601335,1.8840688363568858e-08,0.1436501178214184
2014-08-15,0.09094991783191073,0.0630016317164024,0.0019403612568114196,0.146273564178806,0.04101800900833783,1.6017600862348186e-08,0.1465329674185647
2014-08-18,0.09228067803309914,0.060774606713014524,0.0014888276324418585,0.1490490579823095,0.03899308899109765,1.6529260621608802e-08,0.14882770140960594
2014-08-19,0.09150355806041788,0.06666715917007003,8.482830475800339e-07,0.14705650163152995,0.04069794966884311,6.026550083791837e-08,0.14754846522112935
2014-08-20,0.08666156656842651,0.06677690777395734,6.095669916879019e-08,0.1506984761379278,0.04320935329536193,2.0056945653693245e-08,0.1505072734038933
2014-08-21,0.08762613719341647,0.06439173523155782,3.156060210977628e-08,0.1608183756458747,0.03794641377815888,2.577620459236845e-08,0.14890887102852965
2014-08-22,0.09032337969475976,0.06565004628815277,1.8904016568165905e-07,0.16019688198526225,0.03617408922446602,1.2281847977236914e-07,0.14953310651536605
2014-08-25,0.08928787265637346,0.07361696490280854,5.903279619585446e-08,0.16210778317641056,0.02914324168659508,3.3636321398467854e-08,0.15668179085003214
2014-08-26,0.0896732985971966,0.0711777458664924,1.468120041115244e-07,0.1651110479620826,0.0294062579811322,4.7813149679807697e-08,0.15658620807505616
2014-08-27,0.08843503624276207,0.07191264655616593,1.0038343686121448e-07,0.1665489547005446,0.02946154915961233,4.607841231759175e-08,0.15644370544812852
2014-08-28,0.059569712254189174,0.054943109173081685,0.006632054362095065,0.17650981370345753,0.07859159660324491,4.644830324222001e-09,0.1581414158529648
2014-08-29,0.06019861449682758,0.05513811111001163,0.0053970542432324005,0.1765465823641557,0.07869392224492132,3.609667473845255e-08,0.15709624485234422
2014-09-01,0.06089495451776964,0.0553750425359835,0.005233429795833651,0.17876100549072854,0.07687409681662867,3.0955382116195335e-08,0.1565711717734858
2014-09-02,0.05433095338776865,0.05739911048397161,0.011309393759100802,0.16572738997340755,0.07820602085762605,6.436744744253131e-09,0.15988432507146805
2014-09-03,0.06943874612632027,0.06819795177670605,0.011840959980136177,0.13116423014509665,0.08722911667451924,4.622353912126455e-09,0.15985216585212306
2014-09-04,0.06697555900236919,0.06627430391606355,0.0073379180737570045,0.13629794607969825,0.08256314073896881,4.647968252754943e-09,0.16368051095240546
2014-09-05,0.06663820848104599,0.07243648805770676,0.007114134668007197,0.14110080765598249,0.08893806629691695,5.865612866453673e-09,0.14669996570464405
2014-09-08,0.05979071818322298,0.07132491498928906,1.0537323226689495e-06,0.1422841794397494,0.08886935844473384,3.7886038590388103e-08,0.15175428949945108
2014-09-09,0.06410448915705051,0.07673758478525429,3.877623437256431e-07,0.13389864669414986,0.08919781884574808,2.5832720157840226e-08,0.14106153218082576
2014-09-10,0.07030145195030921,0.07226643125211225,0.0003925412777743608,0.13098019065774694,0.14188273872702742,1.3061817811705027e-08,0.07688361298159431
2014-09-11,0.06243966998486492,0.03888118154588329,1.9779232064055764e-08,0.13817566700877867,0.1400649761954198,4.779138991408612e-08,0.1304184496770519
2014-09-12,0.05317273860258659,0.05972856486327539,9.087707052474724e-09,0.15797646798549078,0.17347262773346594,0.0009590190927116824,0.03613131526128659
2014-09-15,0.05416979341489977,0.057502358511677225,2.5829720569222147e-09,0.1554392003747278,0.17714437931988478,0.0009492300902166699,0.035997378583882994
2014-09-16,0.059250460538606615,0.07047207702349148,8.842410718348582e-09,0.1318467269393402,0.17497832163010915,0.007202095883163099,0.031947608676641204
2014-09-17,0.059473603600801166,0.07000007497222431,1.5153159270923824e-08,0.13286918757502605,0.17617352060886818,0.005294043296287436,0.03358337252231744
2014-09-18,0.07087016200584598,0.06877518541303262,1.0093796133009764e-08,0.11379347958753737,0.1790887449393206,0.008008214564352828,0.033866948892730925
2014-09-19,0.06849085708468683,0.07430806066434717,9.373779870771935e-09,0.1080129621264042,0.18618434400891504,0.004002865351847982,0.03148139110973572
2014-09-22,0.08609617788127404,0.06177188900449381,1.1101908797034251e-08,0.07502574119932379,0.19133019446117067,0.028498667717384886,0.006787605205078393
2014-09-23,0.09577123254139752,0.05948391291182555,2.518399772359087e-08,0.0662862852129983,0.19885875626466307,0.02932257464250165,4.089103359210935e-07
2014-09-24,0.120804436629328,0.06377047547235845,1.4248350760427258e-09,0.01903507726043458,0.2120261640165177,0.02562920465682705,1.599021022147816e-08
2014-09-25,0.16124737362551927,0.04783574974250325,5.0090870140521666e-09,2.6592965000241173e-06,0.130271639294953,0.05886078915371264,7.044387214103548e-08
2014-09-26,0.16371113128814266,0.050362346583750016,2.821669484958966e-09,0.00041117974494112985,0.12192395412058453,0.059535932163912536,2.79605005343782e-08
2014-09-29,0.13951713274249472,0.02402322352182671,1.9730575844646827e-09,0.052939303386822574,0.1016448616894476,0.06597388572043872,3.670392655365064e-07
2014-09-30,0.15421761777725235,0.01363551390352246,6.2703005564948906e-09,0.08406485306069998,0.0831470152728719,0.0802340073249406,0.005958868867781911
2014-10-01,0.15000753315563048,0.035416271877931865,2.4723065698198594e-09,0.0854240659677207,0.0584755612840653,0.08463343808808572,0.020316284530716502
2014-10-02,0.18210189764342935,0.04451140248814834,1.4880044300497925e-09,0.050633891692136834,0.0883465300734129,0.05370085498470142,2.5660017658685e-08
2014-10-03,0.17747612720781175,0.04521968280365381,9.995770619723553e-09,0.02655830764311761,0.115140930222777,0.04841126182494551,1.221614028280911e-07
2014-10-06,0.18446710974627012,0.03402023586334958,9.552457506162747e-09,5.391137054374886e-07,0.1475519167627064,0.03972335774614325,2.1054848961469354e-07
2014-10-07,0.173487464374538,0.043052183962596316,1.4231292806805464e-09,0.0148567557267197,0.1248810328097056,0.03277219907840444,5.7237496396516515e-08
2014-10-08,0.14357391874072778,0.06047707538904507,3.937835917671273e-09,0.05775968176311674,0.06239032004672584,0.059870187710395976,1.4099156363896587e-06
2014-10-09,0.15409285339191856,0.06466513945178942,3.983553563168583e-09,0.05678654789400231,0.051813725032654606,0.06534905355813847,6.288738587858266e-07
2014-10-10,0.11571188643130807,0.0039019598884169632,3.5029906850278274e-09,0.06124095706877121,0.011385597582711212,0.050166529173332725,0.1580090068876941
2014-10-13,0.09741638340133868,0.008896229070885225,4.335460483909003e-09,0.05456839150370251,0.023726240276379658,0.03776564622564043,0.17326007518828973
2014-10-14,0.09665151937894427,0.001722774500346861,2.253592527340317e-09,0.07000769758390651,0.027650244147728976,0.03655923976653632,0.1667445143558667
2014-10-15,0.11740966680603272,0.017406494115632148,5.898785833924427e-09,0.050156131081166164,0.04057490679474848,0.019292779299602075,0.14534102418662587
2014-10-16,0.09164532359350486,0.019099053490806924,2.9548974257135443e-10,0.07020356697549847,0.030797637865318188,0.00782703479982888,0.1777240857191886
2014-10-17,0.1043447182199566,0.01841394323921975,1.4951312219981706e-09,0.08104111572155906,0.03577547926318223,0.0055082909154963965,0.15521942830787627
2014-10-20,0.09237501367427804,0.029581081245548993,5.66932659757248e-09,0.10405388514197912,0.032355511468472445,0.009270963996754984,0.1323266519806296
2014-10-21,0.06714814198257124,0.03758165012858184,3.883248054191803e-10,0.1001887361365632,0.009539715799972131,3.6613952721308817e-10,0.15401843388800573
2014-10-22,0.06240200706813868,0.041379004572581146,9.415400216925992e-10,0.09813597566550852,0.0067092805471410935,1.5794814026373625e-08,0.15918272133759778
2014-10-23,0.0736211742409281,0.05070529680647996,7.999120613163274e-09,0.0891383723862151,0.016963559561656613,1.5620444987411325e-06,0.1388055747145279
2014-10-24,0.07171553372464591,0.04839506750650705,5.5139952018433496e-09,0.08569939260568167,0.019352437889706992,6.387242125294771e-08,0.14478903453733627
2014-10-27,0.07793123185920646,0.06560516815922939,1.544081913595337e-07,0.06951729401041379,0.024208660954663543,0.0023352968700640925,0.13585347314990245
2014-10-28,0.08092878344754845,0.05472533890688558,1.0543073665371752e-08,0.1038176136144631,0.012910173476014506,1.2211095358138356e-08,0.13438732733219008
2014-10-29,0.08900244253857784,0.05145762180936177,3.585366334258703e-09,0.09758163036876924,0.015046570648880344,4.945527516974315e-09,0.13256284521218198
2014-10-30,0.07105169019393437,0.04777017769570181,1.2716753778090663e-07,0.0883290122853933,0.01186461785415726,3.436947281651538e-08,0.15784962009480638
2014-10-31,0.09686213867762854,0.03829110518416115,1.8997229257224263e-09,0.09376870422586316,0.011674585168256743,1.0318512149255187e-08,0.14713277229144406
2014-11-03,0.12174020441716245,0.044737572853705034,3.181660200926097e-08,0.08231548630792683,0.05359261105210822,0.015716153831497083,0.08948576741246575
2014-11-04,0.1227578206423283,0.04380622979651616,3.50783002436678e-08,0.07709960066282005,0.05381961289811917,0.014618521469605829,0.09445882537754367
2014-11-05,0.10055778872050948,0.03533622975687445,1.6894468697883438e-08,0.08237586459553008,0.04427140952238127,0.012248739226156432,0.12583176386436928
2014-11-06,0.10022463387187797,0.03559945850294068,2.1762702222226034e-08,0.0860734950658807,0.046091955217948205,0.009110877904254782,0.1223655922192018
2014-11-07,0.07907099745484089,0.0454685369259107,1.084106640435606e-08,0.08219196988591647,0.047634735072857114,0.015047182097023012,0.12079995520491195
2014-11-10,0.07776617545922393,0.04416878201574663,3.3057533378117124e-09,0.07848224618070652,0.04589901651605032,0.017850976037515676,0.12578351505575322
2014-11-11,0.07252909937631198,0.04552817137159276,1.2601786958223047e-08,0.07851289377118678,0.044197266654959266,0.014697148130543491,0.13277119003813262
2014-11-12,0.07515561768296335,0.04486210990877317,1.0649563063568904e-08,0.07720315305546503,0.05252416948940529,0.016038141161751632,0.1224677782429792
2014-11-13,0.0767818465125884,0.048051754350930884,2.073670028494065e-09,0.0715567324104749,0.05187527367697035,0.01537448689985846,0.12464477915236155
2014-11-14,0.07043451060277225,0.0434686797997865,3.563596587835389e-10,0.06928174851338817,0.05321649918216723,0.014898885390797924,0.13124871758926346
2014-11-17,0.07083374242583867,0.042368869529867625,6.52855268804327e-09,0.069051026618673,0.0525968031864777,0.016554408468101956,0.13124102932270926
2014-11-18,0.06930181072649587,0.04348587052433655,3.0613666717268227e-09,0.0714324822437574,0.051931437763664885,0.015943963337171418,0.13049897744043354
2014-11-19,0.0650035358150303,0.04117725594438283,5.0807708113216755e-09,0.07532189824372637,0.05226391463520141,0.01591406475088336,0.12735181752519648
2014-11-20,0.0647139549901571,0.042856628286270036,4.545287686705554e-09,0.07027961261937367,0.05116301751522317,0.018080236734723868,0.12723043180154964
2014-11-21,0.0592329136758145,0.04512148985706105,1.6226287353918115e-09,0.07240482205056663,0.05749152890493984,0.007717818502741837,0.12587588707865735
2014-11-24,0.05885085066989501,0.04171142117043325,1.9974170513992734e-09,0.07492107657447765,0.05625659776864223,0.007807016392051725,0.12778439837134378
2014-11-25,0.06182799680781601,0.040282047648705764,2.2598729015127645e-09,0.08269648825080639,0.0555177385471065,0.00750983044438194,0.12599095773165553
2014-11-26,0.06541126270770173,0.04778803960942722,3.428697195258045e-09,0.08123825704707018,0.053006323051848034,0.011567174689807657,0.11776818756871665
2014-11-27,0.06408973562009601,0.04696572915641292,2.027076562913352e-09,0.08403011451391,0.05437415744588686,0.008261956923381142,0.12053674501512868
2014-11-28,0.06965172282033294,0.05256945448659694,5.875433103862607e-09,0.03828204066173095,0.058648335012690976,0.012537110001523995,0.12800341439642346
2014-12-01,0.06686659546370323,0.060373737564935415,9.835749008189082e-09,0.035007254663984695,0.0632413777404945,0.0107812914177174,0.12506893662236346
2014-12-02,0.0654277867611202,0.05784934800145169,1.3066564297802011e-08,0.03824195236364364,0.06277119655741309,0.010986118690303168,0.12847885530702105
2014-12-03,0.06426708715624653,0.06468900440146645,7.939367015764402e-09,0.04117211000604257,0.050145074155343035,0.010132893963221305,0.14622440434848674
2014-12-04,0.06523540193249866,0.06327475416334008,5.361835119874332e-09,0.04112909222161159,0.0487787164900154,0.011854799220864649,0.14693985414390393
2014-12-05,0.06382755544491055,0.05514769834089265,9.90436596141835e-09,0.04132472080456171,0.03664751090953965,0.01099451912641981,0.1953209094745421
2014-12-08,0.062426983623745214,0.05654874546704464,1.2147266826154885e-09,0.04195500024240032,0.03392557963068267,0.010367281691488529,0.2022878983560351
2014-12-09,0.06139078427478424,0.0583796634195327,1.4993450359447674e-08,0.042052156284705135,0.034262801387759105,0.011601362203461378,0.1995293563642377
2014-12-10,0.06172040464352165,0.05939375831969448,1.1659352644933605e-09,0.03891222639138557,0.026203233424632683,0.013494792653385506,0.20461116945692026
2014-12-11,0.05685293115430861,0.05950098596997099,1.9689755116137208e-08,0.045302493986811666,0.02092590571981872,0.010303479208924918,0.2159425407268624
2014-12-12,0.05273914962620764,0.05855977158348395,1.4771720509044838e-09,0.0490458489816577,0.014659902130164531,0.0051907019271770286,0.22318524050934987
2014-12-15,0.0018794164276225267,0.03670161830747943,1.6349181948180465e-08,0.04522915433419359,0.03187053758479466,1.3688926791652367e-08,0.24212689494809655
2014-12-16,6.664763238339383e-07,0.02598576524461499,1.4549752469741818e-08,0.040786466456627465,0.02679439782453692,1.650284214601759e-08,0.26127617587769664
2014-12-17,0.03982407462015719,0.06151786623896571,2.931633669386514e-09,0.017854879686994486,0.005212351490852153,6.659175147985654e-08,0.2079573113271692
2014-12-18,0.0257195673744732,0.052009402599000096,3.223583020535209e-09,0.03164558295897596,5.170585280632156e-09,6.882285139315686e-09,0.2153022018376608
2014-12-19,0.029761404234717112,0.04658718092748718,6.795525079622543e-08,0.027043049166204283,4.14272258036797e-08,0.0021347106560986573,0.2193833650848744
2014-12-22,0.05182868230344839,0.0660853797869027,2.086899941605067e-08,0.026558466784071432,1.552033383986461e-08,0.004576278329200309,0.16395472438720934
2014-12-23,0.05053602201973939,0.06457783387958943,3.143061592566884e-08,0.02838322159384965,1.4965528653624288e-08,0.00677264276654816,0.16223109726486812
2014-12-24,0.05045994288288407,0.06882676861226705,8.52596246529336e-09,0.02596581490872223,9.3266153022828e-09,0.003053688220613812,0.1783493897748811
2014-12-25,0.05288520982459904,0.07135792261753211,1.5923716161229697e-08,0.024949172295810455,1.416086096113725e-08,0.0021773190390985708,0.17609706212106924
2014-12-26,0.04188523508894914,0.0786198785540196,1.3140797195751984e-08,0.06813828168205685,3.022159188166781e-08,0.003472667084847153,0.15559460891715005
2014-12-29,0.05316969961570972,0.06744453599355199,9.830593304193106e-09,0.07275755108306341,3.9872202870138186e-08,0.004607629053873357,0.15037122359960722
2014-12-30,0.05404218635500318,0.06666678103174654,7.990857761633558e-09,0.07577914332839628,2.868014603174208e-08,0.0048526674873629605,0.14748188691258718
2014-12-31,0.05534779464681882,0.0825030235208696,2.0175280225510474e-09,0.06305887548684581,2.7746799802766593e-09,0.00814272725801385,0.10951460024994247
2015-01-01,0.05938681824889011,0.09789701496345203,4.800496954603793e-10,0.06401919420451899,1.3849546565873795e-09,0.0016423985106156275,0.10009642230097257
2015-01-02,0.05380317678664257,0.08830657884795276,9.505604171222547e-09,0.0731738252474377,1.8700245217924912e-08,0.002949195794211074,0.0962229665149215
2015-01-05,0.055355784267053794,0.08810692550400533,2.2471139266511952e-07,0.07180357222737765,2.835185936979001e-07,9.309548275045853e-06,0.0986020707663481
2015-01-06,0.05691797996626865,0.08346602076334654,2.1621850473574296e-08,0.06980822047199935,2.307386149740876e-08,4.2775676086158133e-07,0.10346269244182284
2015-01-07,0.06163626447935664,0.08276802580784015,1.1874489294071355e-07,0.08358483383746176,2.7715087404700753e-07,3.24378634553245e-06,0.08712360217528847
2015-01-08,0.064563976449194,0.088866772132781,1.996567354675836e-08,0.08507710036596107,2.8763093639108442e-08,3.621753999162779e-08,0.07704368896808123
2015-01-09,0.05935712896800353,0.08338434599477643,2.7646734267344946e-07,0.08979113141061919,6.258365367952293e-08,0.004344877041802169,0.08043828791834169
2015-01-12,0.05158907746276523,0.07207151594394699,0.0022731870055541,0.0594625078419054,0.00016891798733349058,0.00814706951128683,0.17385378945657576
2015-01-13,0.05941840234301946,0.06856817050468515,2.957238620513779e-08,0.05967361950369662,0.0250661682527104,0.0076809221663417405,0.1528237146609992
2015-01-14,0.0597921670495566,0.0691549838881773,2.3886330432446744e-08,0.056659539754007775,0.027587854179261004,0.0078181354462923,0.1517984232042705
2015-01-15,0.04119756731045913,0.060756760752825274,1.0670129120218437e-08,0.060946208231431175,0.02912943453077383,0.0019981525857004755,0.17809928948073742
2015-01-16,0.039469260099039116,0.06867125240182445,2.373383383941648e-08,0.058378768023366924,0.02044043633437911,0.0010583842959404964,0.17597538054734038
2015-01-19,0.037509036678825686,0.06415733667045209,1.867887337464231e-09,0.059236225360029024,0.01870993558095061,0.0017412926967902787,0.1816561894425483
2015-01-20,0.046778454185124746,0.07072519343779038,4.017763210407904e-09,0.05707862759315953,0.03593134111234676,0.0011383755462202167,0.16035030226069066
2015-01-21,0.044405779625267136,0.07766614545292501,9.125638019221906e-09,0.0624871720713039,0.027397069977420717,1.4534587851133268e-07,0.1526842490256882
2015-01-22,0.041847490780645,0.0848043236099125,2.3420773315345922e-09,0.07933345550406297,0.005229018261923638,0.0011212049390541448,0.14371111829055708
2015-01-23,0.04558024246675679,0.08099685535576852,7.664066975338115e-08,0.07574472585031461,0.014614295550556666,6.893597188186642e-07,0.14226099435812362
2015-01-26,0.04179107470253536,0.08352475000110446,1.50262411095639e-08,0.07309970833406401,0.01359035079739052,9.886021855307446e-08,0.14997164186176767
2015-01-27,0.04135078391730592,0.08581351137287647,2.3809765479064382e-08,0.073022063646443,0.017166565153130628,1.8996966942933664e-07,0.1449165434549752
2015-01-28,0.03945039481869928,0.07501078699459653,5.38220804895977e-08,0.06223130671196547,0.012328573725856684,0.0017450813531339235,0.1758154914284166
2015-01-29,0.036023322526798816,0.06624113382305175,5.5354931744085313e-08,0.059146276572327974,0.019418108597520224,0.0008859733665227381,0.1828697048385992
2015-01-30,0.0391469132313236,0.06907834703606112,8.9908425701364e-08,0.0607390704600951,0.017607544327483092,0.0003534680687239311,0.17791715818935058
2015-02-02,0.03939475636519275,0.06886838159108769,1.8687210001368687e-08,0.05973353545089472,0.01564982181459886,0.0014275089959414262,0.17912843591830374
2015-02-03,0.05895655128191848,0.06326325091556644,2.201434913404567e-08,0.047695563121280135,0.018740994299451842,5.7079702503038504e-08,0.16346420301919914
2015-02-04,0.048503095567435234,0.07215065152948448,2.8481309805302633e-08,0.044714395246936864,0.013617843588131787,6.360578397703082e-07,0.175842628407423
2015-02-05,0.053123963909499264,0.07382564527013459,3.092649023455382e-08,0.039837980082458486,0.01600924263374792,0.0010696899223936829,0.16153983607210126
2015-02-06,0.043760053051987456,0.10601710098314374,2.2865612058585768e-08,0.03549906732927166,0.0648940479584343,9.8450974716507e-08,0.061475336534674366
2015-02-09,0.04638576845382066,0.1047970083260241,2.950579681320861e-08,0.03755981160423708,0.06808453027291593,1.0138523000836336e-07,0.051990757780258766
2015-02-10,0.04546182873177434,0.10701022047592976,3.517001761809029e-08,0.0370850520821947,0.06730155727354628,1.45676633990799e-07,0.05254912475779238
2015-02-11,0.04298704204404862,0.09975454667822543,4.191394603641062e-08,0.032652874449893766,0.07334658470520848,2.101189510633789e-07,0.048173130295507065
2015-02-12,0.056996543343446004,0.10233244653186796,2.2653589763029404e-09,0.021826511813820417,0.06622333973115795,6.702690398483973e-08,0.04140250384402384
2015-02-13,0.07037293464421164,0.06219540057910554,8.641861323420528e-10,0.01931138342748252,0.07505077790141594,0.004753093724498684,0.05447640793333301
2015-02-16,0.0671562473168343,0.08344216461333312,5.04840896045419e-08,0.01843457173009239,0.07625100154626345,5.467212269182069e-07,0.0463160539729136
2015-02-17,0.07372010220479322,0.10386860772556107,4.719706810676863e-08,0.009941105806948757,0.09313680888475262,3.025601844906169e-07,0.016708942891006398
2015-02-18,0.0641620612359621,0.1087998549691932,3.159331944876913e-08,0.02259832618722937,0.0663922767299873,1.018232688041833e-07,0.04933230659939083
2015-02-19,0.0627807222608611,0.09547029452137662,3.3078841111373696e-08,0.02672195915486641,0.05528995072333144,2.2498378231463852e-07,0.0759040419510557
2015-02-20,0.0682391226390533,0.10346581451750987,1.8972714301487506e-08,0.028909525177457682,0.06281148462371028,1.7189884170761837e-07,0.05905956964671313
2015-02-23,0.0684940909296579,0.1033738297397231,2.5098325269330774e-08,0.028962496697898164,0.06296366257144598,2.1712583506083922e-07,0.058700016293386635
2015-02-24,0.06923763259569103,0.10287241225178613,3.4996207751366645e-08,0.02916117612751138,0.0663319036522407,3.0056109970839827e-07,0.05386464709772643
2015-02-25,0.06857662353938418,0.09831152766704776,3.920188335904074e-08,0.032193287979605065,0.06273258092468784,2.986652747215921e-07,0.06038935185830108
2015-02-26,0.06580732257569256,0.10166671626122033,3.787437398809906e-09,0.04063696099335808,0.04558485251209308,1.5516755626103306e-08,0.07225217442078498
2015-02-27,0.06636760761026399,0.10096040171071888,6.471111181986125e-08,0.039691321791891165,0.04639592296156096,1.958136797298101e-07,0.07199123164144605
2015-03-02,0.0657797290411556,0.10034535547941532,4.7243408981620434e-08,0.040241942460004,0.045593808038303735,1.3588449264352935e-07,0.07346872421552804
2015-03-03,0.06378214933607586,0.10055411362264406,2.313837776676029e-10,0.04144568604260443,0.04318094116763136,8.417059296639273e-10,0.07546060941844761
2015-03-04,0.0667965890985772,0.09558000765636973,3.3625722654084014e-09,0.042243592503560266,0.05251681692216666,1.4097577530728143e-08,0.0648045056238128
2015-03-05,0.0665935222840878,0.09329043954769116,4.862180265993308e-09,0.04188326952301248,0.05251547131624863,3.4816729387269535e-08,0.06632640455336745
2015-03-06,0.05880842802694991,0.10690318804304867,1.0531072164538485e-09,0.04218056905514653,0.056028455624158015,0.002960230606573536,0.03712712074987447
2015-03-09,0.06677600228985978,0.10893050708186956,2.8327670503567885e-09,0.04286140780691735,0.05062081789233452,0.016767905332810192,0.03550385909713846
2015-03-10,0.06025578168885992,0.12259562571474555,2.2985048215834973e-09,0.02680909089602453,0.052138767803046056,0.0243159125399494,0.01947482698908776
2015-03-11,0.06253602961576597,0.11744306730664646,4.199195665817919e-08,0.0368676199116219,0.04357940112586016,0.02191826530579853,0.029456441398196576
2015-03-12,0.06119508831884742,0.09909355467222464,1.006568052152497e-08,0.03962551525210832,0.042014211044049184,0.02671550276550524,0.05435298960081125
2015-03-13,0.06431039043937108,0.09961938918208614,2.8822771001060557e-08,0.03975246850504092,0.05237491667799113,0.012146828544586187,0.05840529501364348
2015-03-16,0.06537890052957898,0.10771857035910096,8.936750350583616e-09,0.03994292162724676,0.05235964313065737,0.011651138455920768,0.04895332081700387
2015-03-17,0.06730771725252341,0.11682758305320767,2.6933118769924985e-08,0.039229026361070576,0.059041256940298416,0.009211758384910434,0.03380524749098477
2015-03-18,0.0625542202289232,0.11976815274653699,3.5647151646937256e-08,0.03881465343870972,0.043205916032881334,0.02608117099432668,0.018060881082735816
2015-03-19,0.06447985930635665,0.11157480746956924,2.6046383604984048e-08,0.039415826671539735,0.04716397598667912,0.030764946514566942,0.01166366177850073
2015-03-20,0.06719717424810602,0.11691784643842106,5.079910337978139e-08,0.03514376298338681,0.0431738610476116,0.033496789752474616,0.003438516073241973
2015-03-23,0.06811766825165913,0.11810202011676167,2.149574389034177e-07,0.0344271880065903,0.0423974885734802,0.036746551493111394,3.11729105939049e-05
2015-03-24,0.06856993336643516,0.117321521402191,5.368675914627421e-08,0.034201432129377346,0.042338889792352535,0.037384834799060164,2.867939850049325e-05
2015-03-25,0.06798643512906875,0.11778708889630544,1.0867225543662852e-08,0.03665596147183872,0.04003473762433584,0.03653801705522537,0.001735443586421525
2015-03-26,0.06834552736994548,0.11841897417574458,1.989016001954498e-08,0.0337973148214816,0.038855627067667896,0.03701036479137507,0.004445172148859175
2015-03-27,0.06366345660124602,0.12809252055693532,1.5118787863247804e-08,0.031333515527145375,0.04327109382941227,0.03734303575093368,2.772583719207547e-07
2015-03-30,0.07728223446674957,0.11601132111066315,1.480242287357259e-08,0.032694759055391716,0.0234452642762056,0.04793444261512885,3.4982398490732776e-07
2015-03-31,0.07886120308883196,0.1193171694309886,5.171152001384765e-08,0.029225064292378238,0.029323923018097883,0.04313863745820869,3.1739062019821624e-06
2015-04-01,0.07309995339920533,0.11917364914119305,6.460790000498122e-08,0.01193599308821135,0.035304273009535585,0.04843560634462298,6.365403452259546e-07
2015-04-02,0.07220304687450159,0.12366205493513573,8.572912296124624e-09,0.014124960556259034,0.030955250169292375,0.047832449906499284,6.874654441292748e-08
2015-04-03,0.08054357226775294,0.10862913766432353,2.442875334317789e-08,0.016479290039631094,0.0604104538354665,0.03314239104098976,0.008576916645896014
2015-04-06,0.08150093569162938,0.11176454504045184,5.658528994805933e-08,0.010843090702077974,0.05721938294259001,0.03523167762176545,0.007030304499773015
2015-04-07,0.05977421792745535,0.11451247083760407,1.2881888348277167e-08,0.025919659549558625,0.07602616689788036,0.024398288822085747,0.011562706953346305
2015-04-08,0.06416981901169437,0.08944362121337614,5.502553814025874e-08,0.02907167318376078,0.07851570814403913,0.03776073643208968,0.006086185029353672
2015-04-09,0.08712223902669619,0.06451904111177596,2.5188857457412494e-08,0.01888716441755017,0.06725170380198932,0.037719548807244915,0.02931114024631099
2015-04-10,0.09743306333312006,0.04854326060820787,7.537689277442018e-08,0.005277266391920867,0.08006229118698728,0.03643484856910464,0.022580510385721817
2015-04-13,0.086090722637472,0.04989619290055945,1.4978288781777972e-08,0.008181754396860584,0.08536261671528221,0.03479916785264812,0.03299995748941568
2015-04-14,0.0846947693625795,0.04477082546986617,1.1926764374479792e-08,0.00889975333432686,0.08977898286849624,0.035599398754305685,0.03523411720259094
2015-04-15,0.0743329339763204,0.06995659681418673,2.6176210785115808e-08,0.022860088636277698,0.06271039235315941,0.04005936764246237,0.036947627984753116
2015-04-16,0.07105991919471766,0.0733272906221956,8.820944212208915e-09,0.023555748113078867,0.06464702487743948,0.03166997876029573,0.04789388521818059
2015-04-17,0.07236294903508136,0.07426402638193658,1.0197661641728188e-07,0.021819690737859054,0.06121201458961462,0.0341016229888127,0.04689036015357765
2015-04-20,0.07220834714095865,0.07090473000386384,2.6384193554150082e-08,0.021234487273756885,0.06444030428191484,0.03509849188136082,0.04604698638713736
2015-04-21,0.07146002094590398,0.0634836382297775,2.423664521670684e-08,0.021428533765616826,0.07006344262567811,0.03634641397068926,0.043896680213490566
2015-04-22,0.0717618439632057,0.06390948653997003,2.7397205491059625e-08,0.022837914929098344,0.07419426249181252,0.031606071552370614,0.04466426863975647
